title_key,person_name,wikidata_id,start_year,end_year,source
archbishop of dublin,Gréne,Q100606410,1152,1161,wikidata
archbishop of dublin,Lorcán Ua Tuathail,Q2419830,1162,,wikidata
archbishop of dublin,John Comyn,Q6226825,1182,,wikidata
archbishop of dublin,Henry de Loundres,Q5730777,1212,,wikidata
archbishop of dublin,Luke,Q107349600,1229,1255,wikidata
archbishop of dublin,Fulk Basset,Q5507942,1256,,wikidata
archbishop of dublin,John de Derlington,Q16168971,1279,,wikidata
archbishop of dublin,John de Sandford,Q6265633,1285,,wikidata
archbishop of dublin,William Houghton,Q8012546,1296,,wikidata
archbishop of dublin,Richard de Ferings,Q7330187,1299,1306,wikidata
archbishop of dublin,Richard de Havering,Q19654899,1307,1310,wikidata
archbishop of dublin,John de Leche,Q6265566,1311,1313,wikidata
archbishop of dublin,John de St Paul,Q6265644,1349,,wikidata
archbishop of dublin,Thomas Minot,Q7792494,1363,,wikidata
archbishop of dublin,Robert Waldby,Q7350788,1390,,wikidata
archbishop of dublin,Richard Northalis,Q7328090,1395,,wikidata
archbishop of dublin,Michael Tregury,Q774154,1449,,wikidata
archbishop of dublin,John Walton,Q16208531,1472,1484,wikidata
archbishop of dublin,Walter Fitzsimon,Q7964840,1484,,wikidata
archbishop of dublin,William Rokeby,Q8017729,1512,,wikidata
archbishop of dublin,Hugh Inge,Q5931212,1523,,wikidata
archbishop of dublin,John Alen,Q6218529,1529,,wikidata
archbishop of dublin,Hugh Curwen,Q5930472,1555,1559,wikidata
archbishop of dublin,Matteo de Oviedo,Q64763769,1600,1610,wikidata
archbishop of dublin,Eugene Matthews,Q68907851,1611,1623,wikidata
archbishop of dublin,Thomas Fleming,Q7789656,1623,,wikidata
archbishop of dublin,Peter Talbot,Q7177242,1669,,wikidata
archbishop of dublin,Patrick Russell,Q7147567,1683,,wikidata
archbishop of dublin,Peter Creagh,Q18546721,1692,1705,wikidata
archbishop of dublin,Edmund Byrne,Q64740785,1707,,wikidata
archbishop of dublin,Edward Murphy,Q18730223,1724,,wikidata
archbishop of dublin,Luke Fagan,Q24033403,1729,,wikidata
archbishop of dublin,John Linegar,Q64761612,1734,,wikidata
archbishop of dublin,Richard Lincoln,Q68905236,1757,,wikidata
archbishop of dublin,Patrick Fitzsimon,Q68903637,1763,,wikidata
archbishop of dublin,John Carpenter,Q16197740,1770,,wikidata
archbishop of dublin,John Troy,Q6261315,1786,,wikidata
archbishop of dublin,Daniel Murray,Q5218216,1823,,wikidata
archbishop of dublin,Paul Cullen,Q2005947,1852,,wikidata
archbishop of dublin,Edward MacCabe,Q1292983,1879,,wikidata
archbishop of dublin,William Joseph Walsh,Q8019956,1885,1921,wikidata
archbishop of dublin,Edward Joseph Byrne,Q5343836,1921,1940,wikidata
archbishop of dublin,John Charles McQuaid,Q6225766,1940,1971,wikidata
archbishop of dublin,Dermot Ryan,Q1200281,1972,1984,wikidata
archbishop of dublin,Kevin McNamara,Q6396976,1984,1987,wikidata
archbishop of dublin,Desmond Connell,Q712053,1988,2004,wikidata
archbishop of dublin,Diarmuid Martin,Q370544,2004,2020,wikidata
archbishop of dublin,Dermot Farrell,Q5262802,2020,,wikidata
bishop of london,Nicholas Ridley,Q741030,1550,1553,wikidata
bishop of london,Edmund Bonner,Q743506,1553,1559,wikidata
bishop of london,Edmund Grindal,Q655212,1559,1570,wikidata
bishop of london,Edwin Sandys,Q349531,1570,1576,wikidata
bishop of london,John Aylmer,Q675190,1577,1594,wikidata
bishop of london,Richard Fletcher,Q3430766,1595,1596,wikidata
bishop of london,Richard Bancroft,Q651099,1597,1604,wikidata
bishop of london,Richard Vaughan,Q7329644,1604,1607,wikidata
bishop of london,Thomas Ravis,Q7793422,1607,1609,wikidata
bishop of london,George Abbot,Q714925,1610,1611,wikidata
bishop of london,John King,Q6243121,1611,1621,wikidata
bishop of london,George Montaigne,Q3101772,1621,1627,wikidata
bishop of london,William Laud,Q325408,1628,1633,wikidata
bishop of london,William Juxon,Q665226,1633,1649,wikidata
bishop of london,Gilbert Sheldon,Q584403,1660,1663,wikidata
bishop of london,Humphrey Henchman,Q15486486,1663,1675,wikidata
bishop of london,Henry Compton,Q2347142,1675,1713,wikidata
bishop of london,John Robinson,Q3951793,1713,1723,wikidata
bishop of london,Edmund Gibson,Q3048098,1723,1748,wikidata
bishop of london,Thomas Sherlock,Q3404865,1748,1761,wikidata
bishop of london,Thomas Hayter,Q7790530,1761,1762,wikidata
bishop of london,Richard Osbaldeston,Q7328196,1762,1764,wikidata
bishop of london,Richard Terrick,Q7329426,1764,1777,wikidata
bishop of london,Robert Lowth,Q739953,1777,1787,wikidata
bishop of london,Beilby Porteus,Q4881237,1787,1809,wikidata
bishop of london,John Randolph,Q6254210,1809,1813,wikidata
bishop of london,William Howley,Q844561,1813,1828,wikidata
bishop of london,Charles James Blomfield,Q3559943,1828,1856,wikidata
bishop of london,Archibald Tait,Q336875,1856,1868,wikidata
bishop of london,John Jackson,Q4026977,1869,1885,wikidata
bishop of london,Frederick Temple,Q336295,1885,1896,wikidata
bishop of london,Mandell Creighton,Q2362238,1897,1901,wikidata
bishop of london,Arthur Winnington-Ingram,Q3891928,1901,1939,wikidata
bishop of london,Geoffrey Fisher,Q335473,1939,1945,wikidata
bishop of london,William Wand,Q8019988,1945,1955,wikidata
bishop of london,Henry Montgomery-Campbell,Q5719145,1956,1961,wikidata
bishop of london,Robert Stopford,Q7350098,1961,1973,wikidata
bishop of london,Gerald Ellison,Q1273191,1973,1981,wikidata
bishop of london,Graham Leonard,Q336805,1981,1991,wikidata
bishop of london,David Hope,Q335864,1991,1995,wikidata
bishop of london,Richard Chartres,Q336470,1995,2017,wikidata
bishop of london,Sarah Mullally,Q7422628,2018,2026,wikidata
bishop of worcester,Walter Lyghe,Q7965500,,,wikidata
bishop of worcester,Hugh Latimer,Q710046,1535,1539,wikidata
bishop of worcester,John Hooper,Q647264,1552,1554,wikidata
bishop of worcester,Edwin Sandys,Q349531,1559,1570,wikidata
bishop of worcester,Nicholas Bullingham,Q7025130,1571,1576,wikidata
bishop of worcester,John Whitgift,Q473302,1577,1583,wikidata
bishop of worcester,Edmund Freke,Q5339480,1584,1591,wikidata
bishop of worcester,Richard Fletcher,Q3430766,1593,1595,wikidata
bishop of worcester,Thomas Bilson,Q7787637,1596,1597,wikidata
bishop of worcester,Gervase Babington,Q5553466,1597,1610,wikidata
bishop of worcester,Henry Parry,Q5726735,1610,1616,wikidata
bishop of worcester,John Thornborough,Q6260722,1617,1641,wikidata
bishop of worcester,John Prideaux,Q6253415,1641,1646,wikidata
bishop of worcester,George Morley,Q5542623,1660,1662,wikidata
bishop of worcester,John Earle,Q3181405,1662,1663,wikidata
bishop of worcester,John Gauden,Q6234976,1662,1662,wikidata
bishop of worcester,Robert Skinner,Q7349830,1663,1670,wikidata
bishop of worcester,Walter Blandford,Q7964317,1671,1675,wikidata
bishop of worcester,James Fleetwood,Q6133966,1675,1683,wikidata
bishop of worcester,William Thomas,Q8019291,1683,1689,wikidata
bishop of worcester,Edward Stillingfleet,Q4216692,1689,1699,wikidata
bishop of worcester,William Lloyd,Q8014632,1699,1717,wikidata
bishop of worcester,John Hough,Q6239968,1717,1743,wikidata
bishop of worcester,Isaac Maddox,Q6076734,1743,1759,wikidata
bishop of worcester,James Johnson,Q6136887,1759,1774,wikidata
bishop of worcester,Brownlow North,Q4976612,1774,1781,wikidata
bishop of worcester,Richard Hurd,Q7326616,1781,1808,wikidata
bishop of worcester,Folliott Cornewall,Q5464674,1808,1831,wikidata
bishop of worcester,Robert Carr,Q7342778,1831,1841,wikidata
bishop of worcester,Henry Pepys,Q5726852,1841,1860,wikidata
bishop of worcester,Henry Philpott,Q5726988,1861,1890,wikidata
bishop of worcester,John Perowne,Q6252583,1891,1901,wikidata
bishop of worcester,Charles Gore,Q366142,1902,1905,wikidata
bishop of worcester,Huyshe Yeatman-Biggs,Q5951489,1905,1918,wikidata
bishop of worcester,Ernest Pearce,Q5393671,1919,1931,wikidata
bishop of worcester,Arthur Perowne,Q4799963,1931,1941,wikidata
bishop of worcester,William Wilson Cash,Q8020452,1941,1955,wikidata
bishop of worcester,Mervyn Charles-Edwards,Q6536418,1956,1971,wikidata
bishop of worcester,Robin Woods,Q7352884,1971,1982,wikidata
bishop of worcester,Philip Goodrich,Q7183627,1982,1996,wikidata
bishop of worcester,Peter Selby,Q7176861,1997,2007,wikidata
bishop of worcester,John Inge,Q1700556,2008,2024,wikidata
countess of aylesbury,,,,,
countess of aylesford,,,,,
countess of bathurst,,,,,
countess of carlisle,,,,,
countess of essex,,,,,
countess of fitzwilliam,,,,,
countess of harington,,,,,
countess of harrington,,,,,
countess of jersey,,,,,
countess of pembroke,,,,,
countess of shelburne,,,,,
countess of spencer,,,,,
dean of derry,Godfrey Rhodes,Q108407146,,,wikidata
dean of derry,George Berkeley,Q82049,1724,1733,wikidata
dean of middleham,,,,,
dowager countess of albemarle,,,,,
dowager countess of huntingdon,,,,,
dowager countess of huntington,,,,,
dowager countess of powys,,,,,
dowager duchess of beaufort,,,,,
dowager duchess of chandos,,,,,
dowager duchess of portland,,,,,
dowager viscountess of midleton,,,,,
duchess of bedford,,,,,
duchess of bolton,,,,,
duchess of buccleugh,,,,,
duchess of devonshire,,,,,
duchess of gloucester,"Princess Alice, Duchess of Gloucester",Q246915,1935,,wikidata
duchess of gloucester,"Birgitte, Duchess of Gloucester",Q241584,1974,,wikidata
duchess of grafton,,,,,
duchess of richmond,,,,,
duchess of rutland,,,,,
duchess of st alban's,,,,,
duchess of st. alban's,,,,,
duchess of st. albans,,,,,
duke of bedford,"William Russell, 1st Duke of Bedford",Q1837471,,,wikidata
duke of bedford,"Francis Russell, 5th Duke of Bedford",Q25687,,,wikidata
duke of bedford,"George Russell, 10th Duke of Bedford",Q31177,,,wikidata
duke of bedford,"John Russell, 4th Duke of Bedford",Q335406,,,wikidata
duke of bedford,"John of Lancaster, Duke of Bedford",Q348441,,,wikidata
duke of bedford,"Mary Russell, Duchess of Bedford",Q38118,,,wikidata
duke of bedford,"Hastings Russell, 12th Duke of Bedford",Q38281,,,wikidata
duke of bedford,"Wriothesley Russell, 2nd Duke of Bedford",Q4021064,,,wikidata
duke of bedford,Jacquetta of Luxembourg,Q448289,,,wikidata
duke of bedford,"Wriothesley Russell, 3rd Duke of Bedford",Q6833095,,,wikidata
duke of bedford,"William Russell, 8th Duke of Bedford",Q6834882,,,wikidata
duke of bedford,"George Plantagenet, 1st Duke of Bedford",Q1412715,1478,1479,wikidata
duke of bedford,Jasper Tudor,Q385679,1485,1495,wikidata
duke of bedford,"John Russell, 6th Duke of Bedford",Q25690,1802,1839,wikidata
duke of bedford,"Francis Russell, 7th Duke of Bedford",Q25689,1839,1861,wikidata
duke of bedford,"Francis Russell, 9th Duke of Bedford",Q31178,1872,1891,wikidata
duke of bedford,"Herbrand Russell, 11th Duke of Bedford",Q31291,1893,1940,wikidata
duke of bedford,"Robin Russell, 14th Duke of Bedford",Q6515794,2002,2003,wikidata
duke of bedford,"Andrew Russell, 15th Duke of Bedford",Q4758452,2003,,wikidata
duke of buccleugh,,,,,
duke of cumberland,,,,,
duke of dorset,"John Sackville, 3rd Duke of Dorset",Q1453083,,,wikidata
duke of dorset,"George Sackville, 4th Duke of Dorset",Q5544214,,,wikidata
duke of dorset,"Lionel Sackville, 1st Duke of Dorset",Q337505,1720,1765,wikidata
duke of dorset,"Charles Sackville, 2nd Duke of Dorset",Q5082311,1765,1769,wikidata
duke of grafton,"Augustus FitzRoy, 3rd Duke of Grafton",Q312583,,,wikidata
duke of grafton,"Henry FitzRoy, 5th Duke of Grafton",Q337872,,,wikidata
duke of grafton,"George FitzRoy, 4th Duke of Grafton",Q338013,,,wikidata
duke of grafton,"Henry FitzRoy, 1st Duke of Grafton",Q538459,1675,1690,wikidata
duke of grafton,"Charles FitzRoy, 2nd Duke of Grafton",Q1071465,1683,1757,wikidata
duke of grafton,"Henry FitzRoy, 12th Duke of Grafton",Q6866366,2011,,wikidata
duke of grafton,"Henry FitzRoy, 12th Duke of Grafton",Q6866366,2011,,wikidata
duke of leeds,,,,,
duke of leinster,"William FitzGerald, 2nd Duke of Leinster",Q4020003,,,wikidata
duke of leinster,"Augustus FitzGerald, 3rd Duke of Leinster",Q4821424,,,wikidata
duke of leinster,"Charles FitzGerald, 4th Duke of Leinster",Q5077684,,,wikidata
duke of leinster,"Edward FitzGerald, 7th Duke of Leinster",Q5342918,,,wikidata
duke of leinster,"Gerald FitzGerald, 8th Duke of Leinster",Q5549131,,,wikidata
duke of leinster,"Gerald FitzGerald, 5th Duke of Leinster",Q5549133,,,wikidata
duke of leinster,"Maurice FitzGerald, 6th Duke of Leinster",Q6793093,,,wikidata
duke of leinster,"Maurice FitzGerald, 9th Duke of Leinster",Q6793096,,,wikidata
duke of leinster,"Meinhardt Schomberg, 3rd Duke of Schomberg",Q84922,1691,1719,wikidata
duke of leinster,"James FitzGerald, 1st Duke of Leinster",Q193987,1766,1773,wikidata
duke of marlborough,"John Churchill, 1st Duke of Marlborough",Q153803,,,wikidata
duke of marlborough,"Sarah Churchill, Duchess of Marlborough",Q19176,,,wikidata
duke of marlborough,"George Spencer-Churchill, 5th Duke of Marlborough",Q333347,,,wikidata
duke of marlborough,"John Spencer-Churchill, 7th Duke of Marlborough",Q333355,,,wikidata
duke of marlborough,"George Spencer-Churchill, 6th Duke of Marlborough",Q333601,,,wikidata
duke of marlborough,"John Spencer-Churchill, 10th Duke of Marlborough",Q335808,,,wikidata
duke of marlborough,"George Spencer, 4th Duke of Marlborough",Q335825,,,wikidata
duke of marlborough,"Jane, Duchess of Marlborough",Q34065470,,,wikidata
duke of marlborough,"Charles Spencer, 3rd Duke of Marlborough",Q514460,,,wikidata
duke of marlborough,"George Spencer-Churchill, 8th Duke of Marlborough",Q336025,1840,1892,wikidata
duke of marlborough,"Charles Spencer-Churchill, 9th Duke of Marlborough",Q290107,1892,1934,wikidata
duke of marlborough,Consuelo Vanderbilt,Q265898,1895,1921,wikidata
duke of marlborough,"John Spencer-Churchill, 11th Duke of Marlborough",Q335796,1972,2014,wikidata
duke of marlborough,"James Spencer-Churchill, 12th Duke of Marlborough",Q1065042,2014,,wikidata
duke of marlborough,"Edla Spencer-Churchill, Duchess of Marlborough",Q28407622,2014,,wikidata
duke of montague,,,,,
duke of mountague,,,,,
duke of northumberland,"John Dudley, 1st Duke of Northumberland",Q347125,1551,,wikidata
duke of northumberland,"George FitzRoy, 1st Duke of Northumberland",Q2346374,1683,1716,wikidata
duke of northumberland,"Hugh Percy, 1st Duke of Northumberland",Q2616156,1766,1786,wikidata
duke of northumberland,"Hugh Percy, 2nd Duke of Northumberland",Q335502,1786,1817,wikidata
duke of northumberland,"Hugh Percy, 3rd Duke of Northumberland",Q151352,1817,1847,wikidata
duke of northumberland,"Algernon Percy, 4th Duke of Northumberland",Q1753204,1847,1865,wikidata
duke of northumberland,"George Percy, 5th Duke of Northumberland",Q3760627,1865,1867,wikidata
duke of northumberland,"Algernon Percy, 6th Duke of Northumberland",Q337686,1867,1899,wikidata
duke of northumberland,"Henry Percy, 7th Duke of Northumberland",Q762750,1899,1918,wikidata
duke of northumberland,"Alan Percy, 8th Duke of Northumberland",Q4707520,1918,1930,wikidata
duke of northumberland,"George Percy, 9th Duke of Northumberland",Q5726865,1930,1940,wikidata
duke of northumberland,"Hugh Percy, 10th Duke of Northumberland",Q6017961,1940,1988,wikidata
duke of northumberland,"Henry Percy, 11th Duke of Northumberland",Q5726858,1988,1995,wikidata
duke of northumberland,"Ralph Percy, 12th Duke of Northumberland",Q6853506,1995,,wikidata
duke of queensberry,"James Douglas, 2nd Duke of Queensberry",Q335636,,,wikidata
duke of queensberry,"Henry Scott, 3rd Duke of Buccleuch",Q335286,1810,,wikidata
duke of queensberry,"Charles Montagu-Scott, 4th Duke of Buccleuch",Q337447,1812,,wikidata
duke of queensberry,"Walter Montagu Douglas Scott, 5th Duke of Buccleuch",Q2702418,1819,,wikidata
duke of queensberry,"William Montagu Douglas Scott, 6th Duke of Buccleuch",Q337468,1884,,wikidata
duke of queensberry,"John Montagu Douglas Scott, 7th Duke of Buccleuch",Q337464,1914,,wikidata
duke of queensberry,"Walter Montagu Douglas Scott, 8th Duke of Buccleuch",Q2602495,1935,,wikidata
duke of queensberry,"John Scott, 9th Duke of Buccleuch",Q333214,1973,,wikidata
duke of queensberry,"Richard Scott, 10th Duke of Buccleuch",Q2079879,2007,,wikidata
duke of queensbury,,,,,
duke of rutland,"John Manners, 2nd Duke of Rutland",Q337638,,,wikidata
duke of rutland,"Charles Manners, 4th Duke of Rutland",Q961831,,,wikidata
duke of rutland,"John Manners, 1st Duke of Rutland",Q338020,1703,,wikidata
duke of rutland,"John Manners, 3rd Duke of Rutland",Q3809451,1721,1779,wikidata
duke of rutland,"John Manners, 5th Duke of Rutland",Q3809455,1787,1857,wikidata
duke of rutland,"Charles Manners, 6th Duke of Rutland",Q3666446,1857,1906,wikidata
duke of rutland,"John Manners, 7th Duke of Rutland",Q2086683,1888,1906,wikidata
duke of rutland,"Henry Manners, 8th Duke of Rutland",Q3784973,1906,1925,wikidata
duke of rutland,"John Manners, 9th Duke of Rutland",Q6246599,1925,1940,wikidata
duke of rutland,"Charles Manners, 10th Duke of Rutland",Q7585535,1940,1999,wikidata
duke of rutland,"David Manners, 11th Duke of Rutland",Q5237096,1999,,wikidata
duke of st alban's,,,,,
duke of st. alban's,,,,,
duke of st. albans,"Aubrey Beauclerk, 6th Duke of St Albans",Q3629427,,,wikidata
duke of st. albans,"Aubrey Beauclerk, 5th Duke of St Albans",Q3629430,,,wikidata
duke of st. albans,"Charles Beauclerk, 2nd Duke of St Albans",Q3666340,,,wikidata
duke of st. albans,"Charles Beauclerk, 11th Duke of St Albans",Q5075497,,,wikidata
duke of st. albans,"Charles Beauclerk, 13th Duke of St Albans",Q5075499,,,wikidata
duke of st. albans,"George Beauclerk, 3rd Duke of St Albans",Q5536832,,1786,wikidata
duke of st. albans,"George Beauclerk, 4th Duke of St Albans",Q5536833,,,wikidata
duke of st. albans,"William Beauclerk, 9th Duke of St Albans",Q644179,,,wikidata
duke of st. albans,"William Beauclerk, 10th Duke of St Albans",Q6544227,,,wikidata
duke of st. albans,"Osborne Beauclerk, 12th Duke of St Albans",Q7105784,,,wikidata
duke of st. albans,"Charles Beauclerk, 1st Duke of St Albans",Q135152,1684,1726,wikidata
duke of st. albans,"William Beauclerk, 8th Duke of St Albans",Q6544743,1816,1825,wikidata
duke of st. albans,"Murray Beauclerk, 14th Duke of St Albans",Q6939122,1988,,wikidata
duke of york,"Edmund of Langley, 1st Duke of York",Q305002,1385,1402,wikidata
duke of york,"Edward of Norwich, 2nd Duke of York",Q452639,1402,1415,wikidata
duke of york,"Edward of Norwich, 2nd Duke of York",Q452639,1402,1415,wikidata
duke of york,"Richard of York, 3rd Duke of York",Q312137,1415,1461,wikidata
duke of york,Edward IV of England,Q160341,1461,1461,wikidata
duke of york,Edward IV of England,Q160341,1461,,wikidata
duke of york,"Richard of Shrewsbury, 1st Duke of York",Q221367,1474,,wikidata
duke of york,"Richard of Shrewsbury, 1st Duke of York",Q221367,1474,,wikidata
duke of york,Henry VIII of England,Q38370,1494,1504,wikidata
duke of york,Henry VIII of England,Q38370,1494,1504,wikidata
duke of york,Charles I of England,Q81506,1605,1625,wikidata
duke of york,Charles I of England,Q81506,1605,1625,wikidata
duke of york,James II of England,Q126188,1633,1685,wikidata
duke of york,James II of England,Q126188,1633,1685,wikidata
duke of york,Henry Benedict Stuart,Q318219,1725,1807,wikidata
duke of york,Henry Benedict Stuart,Q318219,1725,1807,wikidata
duke of york,George V,Q269412,1892,1910,wikidata
duke of york,George V,Q269412,1892,1910,wikidata
duke of york,George VI,Q280856,1920,1936,wikidata
duke of york,George VI,Q280856,1920,1936,wikidata
duke of york,Andrew Mountbatten-Windsor,Q153330,1986,2025,wikidata
duke of york,Andrew Mountbatten-Windsor,Q153330,1986,2025,wikidata
earl of ailesbury,"Charles Bruce, 3rd Earl of Ailesbury",Q5075841,,,wikidata
earl of ailesbury,"Charles Brudenell-Bruce, 1st Marquess of Ailesbury",Q5075846,,,wikidata
earl of ailesbury,"Robert Bruce, 1st Earl of Ailesbury",Q1193416,1664,1685,wikidata
earl of ailesbury,"Thomas Bruce, 2nd Earl of Ailesbury",Q3524950,1685,1741,wikidata
earl of ailesbury,"Thomas Brudenell-Bruce, 1st Earl of Ailesbury",Q7611139,1776,,wikidata
earl of ashburnham,"George Ashburnham, 3rd Earl of Ashburnham",Q5536454,,,wikidata
earl of ashburnham,"John Ashburnham, 1st Earl of Ashburnham",Q6219555,,,wikidata
earl of ashburnham,"John Ashburnham, 2nd Earl of Ashburnham",Q6219558,,,wikidata
earl of aylesbury,,,,,
earl of belvedere,"Robert Rochfort, 1st Earl of Belvedere",Q27589850,1756,1774,wikidata
earl of bristol,"Frederick Hervey, 4th Earl of Bristol",Q1452908,,,wikidata
earl of bristol,"George Digby, 2nd Earl of Bristol",Q2342809,,,wikidata
earl of bristol,"Augustus Hervey, 3rd Earl of Bristol",Q4821448,,,wikidata
earl of bristol,"George Hervey, 2nd Earl of Bristol",Q5540566,,,wikidata
earl of bristol,"John Digby, 3rd Earl of Bristol",Q6229431,,,wikidata
earl of bristol,"John Hervey, 1st Earl of Bristol",Q6239112,1714,,wikidata
earl of bulwer esq.,,,,,
earl of carlisle,"Andrew Harclay, 1st Earl of Carlisle",Q1786825,,,wikidata
earl of carlisle,"George Howard, 7th Earl of Carlisle",Q2079517,,,wikidata
earl of carlisle,"George Howard, 6th Earl of Carlisle",Q335600,,,wikidata
earl of carlisle,Charles Howard,Q337615,,,wikidata
earl of carlisle,"Charles Howard, 3rd Earl of Carlisle",Q337634,,,wikidata
earl of carlisle,"Henry Howard, 4th Earl of Carlisle",Q337661,,,wikidata
earl of carlisle,"Edward Howard, 2nd Earl of Carlisle",Q337852,,,wikidata
earl of carlisle,"Charles Howard, 1st Earl of Carlisle",Q338284,,,wikidata
earl of carlisle,"George Howard, 11th Earl of Carlisle",Q3760533,,,wikidata
earl of carlisle,"James Hay, 2nd Earl of Carlisle",Q6135743,,,wikidata
earl of carlisle,"James Hay, 1st Earl of Carlisle",Q3023437,1632,1636,wikidata
earl of carlisle,"Frederick Howard, 5th Earl of Carlisle",Q2079507,1758,1825,wikidata
earl of carlisle,"William George Howard, 8th Earl of Carlisle",Q4020023,1864,1889,wikidata
earl of carlisle,"George Howard, 9th Earl of Carlisle",Q337630,1889,1911,wikidata
earl of carlisle,"Charles Howard, 12th Earl of Carlisle",Q3666417,1963,1994,wikidata
earl of chatham,Mary Elizabeth Townshend,Q75564998,,,wikidata
earl of chatham,"William Pitt, 1st Earl of Chatham",Q208663,1766,1778,wikidata
earl of chatham,"John Pitt, 2nd Earl of Chatham",Q335642,1778,1835,wikidata
earl of clermont,"William Fortescue, 1st Earl of Clermont",Q8009235,1777,1806,wikidata
earl of corke,,,,,
earl of dartmouth,"William Legge, 2nd Earl of Dartmouth",Q3568789,,,wikidata
earl of dartmouth,"George Legge, 3rd Earl of Dartmouth",Q5541651,,,wikidata
earl of dartmouth,"William Legge, 1st Earl of Dartmouth",Q9374853,,,wikidata
earl of derby,"William de Ferrers, 3rd Earl of Derby",Q1683480,,,wikidata
earl of derby,"Edward Smith-Stanley, 14th Earl of Derby",Q237829,,,wikidata
earl of derby,"Edward Stanley, 15th Earl of Derby",Q332789,,,wikidata
earl of derby,"William de Ferrers, 5th Earl of Derby",Q3405585,,,wikidata
earl of derby,"Thomas Stanley, 2nd Earl of Derby",Q4444793,,,wikidata
earl of derby,"Robert de Ferrers, 1st Earl of Derby",Q507086,,,wikidata
earl of derby,"William de Ferrers, 4th Earl of Derby",Q8020786,,,wikidata
earl of derby,"Robert de Ferrers, 6th Earl of Derby",Q3436643,1254,1266,wikidata
earl of derby,Henry IV of England,Q161866,1377,,wikidata
earl of derby,"Thomas Stanley, 1st Earl of Derby",Q335295,1485,1504,wikidata
earl of derby,"Edward Stanley, 3rd Earl of Derby",Q377029,1521,1572,wikidata
earl of derby,"Henry Stanley, 4th Earl of Derby",Q3007367,1572,1593,wikidata
earl of derby,"Ferdinando Stanley, 5th Earl of Derby",Q1337095,1593,1594,wikidata
earl of derby,"William Stanley, 6th Earl of Derby",Q2032636,1594,1642,wikidata
earl of derby,"James Stanley, 7th Earl of Derby",Q336721,1642,1651,wikidata
earl of derby,"Charles Stanley, 8th Earl of Derby",Q5082632,1651,1672,wikidata
earl of derby,"William Stanley, 9th Earl of Derby",Q8018724,1672,1702,wikidata
earl of derby,"James Stanley, 10th Earl of Derby",Q6143497,1702,1736,wikidata
earl of derby,"Edward Stanley, 11th Earl of Derby",Q5345406,1736,1776,wikidata
earl of derby,"Edward Smith-Stanley, 12th Earl of Derby",Q333496,1776,1834,wikidata
earl of derby,"Edward Smith-Stanley, 13th Earl of Derby",Q335754,1834,1851,wikidata
earl of derby,"Frederick Stanley, 16th Earl of Derby",Q222458,1893,1908,wikidata
earl of derby,"Edward Stanley, 17th Earl of Derby",Q338427,1908,1948,wikidata
earl of derby,"John Stanley, 18th Earl of Derby",Q5345407,1948,1994,wikidata
earl of derby,"Edward Stanley, 19th Earl of Derby",Q5345408,1994,,wikidata
earl of egremont,"Charles Wyndham, 2nd Earl of Egremont",Q337680,,,wikidata
earl of egremont,"Algernon Seymour, 7th Duke of Somerset",Q3611562,1749,1750,wikidata
earl of egremont,"Algernon Seymour, 7th Duke of Somerset",Q3611562,1749,1750,wikidata
earl of egremont,"George Wyndham, 3rd Earl of Egremont",Q5546569,1763,,wikidata
earl of essex,"Sarah, Countess of Essex",Q16859078,,,wikidata
earl of essex,"Robert Devereux, 3rd Earl of Essex",Q2701696,,,wikidata
earl of essex,"Walter Devereux, 1st Earl of Essex",Q719792,,,wikidata
earl of essex,"Henry Bourchier, 1st Earl of Essex",Q5718412,,,wikidata
earl of essex,"Henry Bourchier, 2nd Earl of Essex",Q15286509,1483,1540,wikidata
earl of essex,Thomas Cromwell,Q294435,1540,,wikidata
earl of essex,"Robert Devereux, 2nd Earl of Essex",Q437917,1576,1601,wikidata
earl of essex,"Arthur Capell, 1st Earl of Essex",Q2714210,1661,1683,wikidata
earl of essex,"Algernon Capell, 2nd Earl of Essex",Q4724137,1683,1710,wikidata
earl of essex,"William Capell, 3rd Earl of Essex",Q7609264,1710,1743,wikidata
earl of essex,"William Capell, 4th Earl of Essex",Q7607210,1743,1799,wikidata
earl of essex,"George Capel-Coningsby, 5th Earl of Essex",Q5537665,1799,1839,wikidata
earl of essex,"Arthur Capell, 6th Earl of Essex",Q16528761,1839,1892,wikidata
earl of essex,"George Capell, 7th Earl of Essex",Q19587211,1892,1916,wikidata
earl of essex,"Algernon George de Vere Capell, 8th Earl of Essex",Q26208353,1916,1966,wikidata
earl of essex,"Reginald Capell, 9th Earl of Essex",Q7308632,1966,1981,wikidata
earl of essex,"Robert Capell, 10th Earl of Essex",Q7342736,1989,2005,wikidata
earl of essex,"Paul Capell, 11th Earl of Essex",Q16106618,2005,,wikidata
earl of fitzwilliam,,,,,
earl of gainsborough,"Anthony Noel, 5th Earl of Gainsborough",Q18645735,,,wikidata
earl of gainsborough,"Baptist Noel, 3rd Earl of Gainsborough",Q4857667,,,wikidata
earl of gainsborough,"Baptist Noel, 4th Earl of Gainsborough",Q4857670,,,wikidata
earl of gainsborough,"Charles Noel, 2nd Earl of Gainsborough",Q5081258,,,wikidata
earl of gainsborough,"Charles Noel, 3rd Earl of Gainsborough",Q5081259,,,wikidata
earl of gainsborough,"Edward Noel, 1st Earl of Gainsborough",Q5344630,,,wikidata
earl of gainsborough,"Wriothesley Noel, 2nd Earl of Gainsborough",Q8038357,,,wikidata
earl of gainsborough,"Henry Noel, 6th Earl of Gainsborough",Q7609402,1759,1798,wikidata
earl of gainsborough,"Charles Noel, 1st Earl of Gainsborough",Q5081256,1841,1866,wikidata
earl of gainsborough,"Arthur Noel, 4th Earl of Gainsborough",Q4799841,1926,1927,wikidata
earl of gower,,,,,
earl of grosvenor,,,,,
earl of guilford,"Frederick North, 8th Earl of Guilford",Q25982910,,,wikidata
earl of guilford,"Dudley North, 7th Earl of Guilford",Q26208233,,,wikidata
earl of guilford,"Edward North, 9th Earl of Guilford",Q26238358,,,wikidata
earl of guilford,"Frederick North, 5th Earl of Guilford",Q333623,,,wikidata
earl of guilford,"Francis North, 4th Earl of Guilford",Q5482072,,,wikidata
earl of guilford,"George North, 3rd Earl of Guilford",Q5542932,,,wikidata
earl of guilford,"Francis North, 1st Earl of Guilford",Q5482068,1752,1790,wikidata
earl of guilford,"Frederick North, 2nd Earl of Guilford",Q312593,1790,1792,wikidata
earl of harrington,"William Stanhope, 1st Earl of Harrington",Q8018720,,,wikidata
earl of harrington,"Charles Stanhope, 12th Earl of Harrington",Q5082627,2009,,wikidata
earl of hopetoun,"Charles Hope, 1st Earl of Hopetoun",Q1064877,,,wikidata
earl of hopetoun,"James Hope-Johnstone, 3rd Earl of Hopetoun",Q1680573,,,wikidata
earl of hopetoun,"Victor Hope, 2nd Marquess of Linlithgow",Q2914941,,,wikidata
earl of hopetoun,"John Hope, 1st Marquess of Linlithgow",Q335178,,,wikidata
earl of hopetoun,"John Hope, 4th Earl of Hopetoun",Q336953,,,wikidata
earl of hopetoun,"John Hope, 6th Earl of Hopetoun",Q3809349,,,wikidata
earl of hopetoun,"John Hope, 5th Earl of Hopetoun",Q3809350,,,wikidata
earl of hopetoun,"Adrian Hope, 4th Marquess of Linlithgow",Q4685117,,,wikidata
earl of hopetoun,"John Hope, 2nd Earl of Hopetoun",Q946015,,,wikidata
earl of hopetoun,"Charles Hope, 3rd Marquess of Linlithgow",Q5079109,1912,1952,wikidata
earl of hopetoun,"Andrew Hope, Earl of Hopetoun",Q75298398,1987,,wikidata
earl of milltown,"Brice Leeson, 3rd Earl of Milltown",Q23806558,,,wikidata
earl of milltown,"Joseph Leeson, 2nd Earl of Milltown",Q6284899,,,wikidata
earl of milltown,"Joseph Leeson, 1st Earl of Milltown",Q6284897,1763,1783,wikidata
earl of miltown,,,,,
earl of ormond,"Thomas Butler, 10th Earl of Ormond",Q208922,,,wikidata
earl of ormond,"Archibald Douglas, 1st Earl of Forfar",Q4786287,,,wikidata
earl of ormond,"Hugh Douglas, Earl of Ormonde",Q5930577,,,wikidata
earl of ormond,"James Butler, 5th Earl of Ormond",Q933080,,,wikidata
earl of ormond,"James Butler, 4th Earl of Ormond",Q6130592,1405,1452,wikidata
earl of ormond,"Thomas Boleyn, 1st Earl of Wiltshire",Q312398,1529,1539,wikidata
earl of percy,,,,,
earl of scarborough,,,,,
earl of shelburne,"William Petty, 2nd Earl of Shelburne",Q312573,,,wikidata
earl of shelburne,"Henry Petty, 1st Earl of Shelburne",Q5726939,,,wikidata
earl of shelburne,"John Petty, 1st Earl of Shelburne",Q6252711,1753,1761,wikidata
earl of shelburne,"Charles Hope Petty-Fitzmaurice, 7th Marquess of Lansdowne",Q1065765,1936,,wikidata
earl of spencer,"John Spencer, 1st Earl Spencer",Q304151,1765,1783,wikidata
earl of spencer,"George Spencer, 2nd Earl Spencer",Q332521,1783,1834,wikidata
earl of spencer,"John Spencer, 3rd Earl Spencer",Q386213,1834,1845,wikidata
earl of spencer,"Frederick Spencer, 4th Earl Spencer",Q335529,1845,1857,wikidata
earl of spencer,"John Spencer, 5th Earl Spencer",Q333281,1857,1910,wikidata
earl of spencer,"Charles Spencer, 6th Earl Spencer",Q2544868,1910,1922,wikidata
earl of spencer,"Albert Spencer, 7th Earl Spencer",Q2544896,1922,1975,wikidata
earl of spencer,"John Spencer, 8th Earl Spencer",Q593671,1975,1992,wikidata
earl of spencer,"Charles Spencer, 9th Earl Spencer",Q331287,1992,,wikidata
earl of stanhope,,,,,
earl of upper ossory,John FitzPatrick,Q6233282,1751,1758,wikidata
earl of warwick,"Roger de Beaumont, 2nd Earl of Warwick",Q1392289,,,wikidata
earl of warwick,"John du Plessis, 7th Earl of Warwick",Q17479233,,,wikidata
earl of warwick,"Waleran de Beaumont, 4th Earl of Warwick",Q1779797,,,wikidata
earl of warwick,"Robert Rich, 1st Earl of Warwick",Q2158611,,,wikidata
earl of warwick,"Edward Rich, 7th Earl of Warwick",Q264483,,,wikidata
earl of warwick,"Guy de Beauchamp, 10th Earl of Warwick",Q3122244,,,wikidata
earl of warwick,"George Greville, 2nd Earl of Warwick",Q3266252,,,wikidata
earl of warwick,"George Greville, 4th Earl of Warwick",Q3313247,,,wikidata
earl of warwick,"Francis Greville, 5th Earl of Warwick",Q3313263,,,wikidata
earl of warwick,"Henry Greville, 3rd Earl of Warwick",Q3313612,,,wikidata
earl of warwick,"Ambrose Dudley, 3rd Earl of Warwick",Q339752,,,wikidata
earl of warwick,"Charles Rich, 4th Earl of Warwick",Q3666584,,,wikidata
earl of warwick,"Edward Rich, 6th Earl of Warwick",Q3720017,,,wikidata
earl of warwick,"Robert Rich, 3rd Earl of Warwick",Q377318,,,wikidata
earl of warwick,"Henry de Beaumont, 5th Earl of Warwick",Q3785020,,,wikidata
earl of warwick,"Margaret de Newburg, 7th Countess of Warwick",Q3846903,,,wikidata
earl of warwick,"Thomas de Beaumont, 6th Earl of Warwick",Q3990748,,,wikidata
earl of warwick,"William Maudit, 8th Earl of Warwick",Q4020096,,,wikidata
earl of warwick,"William de Beauchamp, 9th Earl of Warwick",Q4020193,,,wikidata
earl of warwick,"William de Beaumont, 3rd Earl of Warwick",Q4020195,,,wikidata
earl of warwick,Richard Neville,Q437571,,,wikidata
earl of warwick,"Daisy Greville, Countess of Warwick",Q461429,,,wikidata
earl of warwick,"Charles Greville, 7th Earl of Warwick",Q5078431,,,wikidata
earl of warwick,"Anne Beauchamp, 16th Countess of Warwick",Q543019,,,wikidata
earl of warwick,"Anne de Beauchamp, 15th Countess of Warwick",Q543665,,,wikidata
earl of warwick,"Leopold Greville, 6th Earl of Warwick",Q6526957,,,wikidata
earl of warwick,"Edward Plantagenet, 17th Earl of Warwick",Q725833,,,wikidata
earl of warwick,Thomas de Beauchamp,Q923162,,,wikidata
earl of warwick,"Thomas de Beauchamp, 12th Earl of Warwick",Q945379,,,wikidata
earl of warwick,"Henry de Beaumont, 1st Earl of Warwick",Q973978,,,wikidata
earl of warwick,"Richard de Beauchamp, 13th Earl of Warwick",Q592988,1401,1439,wikidata
earl of warwick,"Henry de Beauchamp, 1st Duke of Warwick",Q1521796,1439,1446,wikidata
earl of warwick,"John Dudley, 1st Duke of Northumberland",Q347125,1547,,wikidata
earl of warwick,"John Dudley, 2nd Earl of Warwick",Q3809223,1553,1554,wikidata
earl of warwick,"Robert Rich, 2nd Earl of Warwick",Q741503,1619,,wikidata
earl of warwick,"Robert Rich, 5th Earl of Warwick",Q3938405,1649,1675,wikidata
earl of warwick,"Edward Rich, 8th Earl of Warwick",Q39050845,1721,1759,wikidata
earl of warwick,"Francis Greville, 1st Earl of Warwick",Q3266409,1759,1773,wikidata
lord bishop of bangor,,,,,
lord bishop of chester,,,,,
lord bishop of cork,,,,,
lord bishop of london,,,,,
lord bishop of meath,,,,,
lord bishop of rochester,,,,,
lord bishop of st david's,,,,,
lord bishop of st. david's,,,,,
lord bishop of worcester,,,,,
lord mayor of london,Adam de Bury,Q136763018,,,wikidata
lord mayor of london,Henry Fitz-Ailwin de Londonestone,Q5721250,1189,1212,wikidata
lord mayor of london,Roger FitzAlan,Q55099186,1212,1214,wikidata
lord mayor of london,Serlo le Mercer,Q24039400,1214,1215,wikidata
lord mayor of london,Serlo le Mercer,Q24039400,1217,1221,wikidata
lord mayor of london,Ralph Sandwich,Q7288062,1285,1289,wikidata
lord mayor of london,Ralph Sandwich,Q7288062,1289,1292,wikidata
lord mayor of london,Hamo Chigwell,Q18671364,1319,1320,wikidata
lord mayor of london,Hamo Chigwell,Q18671364,1321,1323,wikidata
lord mayor of london,Hamo Chigwell,Q18671364,1323,1326,wikidata
lord mayor of london,Hamo Chigwell,Q18671364,1327,1328,wikidata
lord mayor of london,Andrew Aubrey,Q18159644,1339,1340,wikidata
lord mayor of london,Thomas Legge,Q75612607,1346,1347,wikidata
lord mayor of london,Andrew Aubrey,Q18159644,1351,1351,wikidata
lord mayor of london,Adam Fraunceys,Q18572163,1352,1354,wikidata
lord mayor of london,Thomas Legge,Q75612607,1354,1355,wikidata
lord mayor of london,Henry Picard,Q3784989,1356,1357,wikidata
lord mayor of london,John Wroth,Q83387154,1360,1361,wikidata
lord mayor of london,William Walworth,Q2339274,1374,1375,wikidata
lord mayor of london,John Philpott,Q104621166,1378,1379,wikidata
lord mayor of london,William Walworth,Q2339274,1380,1381,wikidata
lord mayor of london,Nicholas Twyford,Q18530507,1388,1389,wikidata
lord mayor of london,John Hende,Q106778556,1391,,wikidata
lord mayor of london,William Standon,Q16847417,1392,1393,wikidata
lord mayor of london,Richard Whittington,Q337493,1397,,wikidata
lord mayor of london,Drugo Barentyn,Q42681419,1398,1399,wikidata
lord mayor of london,Thomas Knollys,Q7791577,1399,1400,wikidata
lord mayor of london,William Askham,Q8004629,1403,1404,wikidata
lord mayor of london,John Hende,Q106778556,1404,1405,wikidata
lord mayor of london,Richard Whittington,Q337493,1406,1407,wikidata
lord mayor of london,William Standon,Q16847417,1407,1408,wikidata
lord mayor of london,Drugo Barentyn,Q42681419,1408,1409,wikidata
lord mayor of london,Thomas Knollys,Q7791577,1410,1411,wikidata
lord mayor of london,Robert Chichele,Q17508586,1411,1412,wikidata
lord mayor of london,William Cromer,Q42534115,1413,1414,wikidata
lord mayor of london,Nicholas Wotton,Q28150512,1415,1416,wikidata
lord mayor of london,Henry Barton,Q5717856,1416,1417,wikidata
lord mayor of london,William Sevenoke,Q17066295,1418,1419,wikidata
lord mayor of london,Richard Whittington,Q337493,1419,1420,wikidata
lord mayor of london,William Cromer,Q42534115,1423,1424,wikidata
lord mayor of london,John Reynwell,Q6254681,1426,1427,wikidata
lord mayor of london,Henry Barton,Q5717856,1428,1429,wikidata
lord mayor of london,William Eastfield,Q27171252,1429,1430,wikidata
lord mayor of london,Nicholas Wotton,Q28150512,1430,1431,wikidata
lord mayor of london,William Eastfield,Q27171252,1437,1438,wikidata
lord mayor of london,Robert Large,Q7346714,1439,1440,wikidata
lord mayor of london,Nicholas Wyfold,Q75965995,1450,1451,wikidata
lord mayor of london,William Gregory,Q18672760,1451,1452,wikidata
lord mayor of london,John Norman,Q6250621,1453,1454,wikidata
lord mayor of london,Stephen Foster,Q30014866,1454,1455,wikidata
lord mayor of london,Sir Thomas Canynges,Q16968754,1456,1457,wikidata
lord mayor of london,Geoffrey Boleyn,Q1502943,1457,1458,wikidata
lord mayor of london,Sir Richard Lee,Q64521153,1460,1461,wikidata
lord mayor of london,Thomas Cooke,Q15637721,1462,1463,wikidata
lord mayor of london,Ralph Josselyn,Q74868424,1464,1465,wikidata
lord mayor of london,Sir Ralph Verney,Q60887871,1465,1466,wikidata
lord mayor of london,William Taillour,Q8019155,1468,1469,wikidata
lord mayor of london,Sir Richard Lee,Q64521153,1469,1470,wikidata
lord mayor of london,William Hampton,Q18577192,1472,1472,wikidata
lord mayor of london,Ralph Josselyn,Q74868424,1476,1477,wikidata
lord mayor of london,Richard Gardiner,Q7325861,1478,1479,wikidata
lord mayor of london,Edmund Shaw,Q5339819,1482,1483,wikidata
lord mayor of london,Thomas Hill,Q104488627,1484,1484,wikidata
lord mayor of london,Henry Colet,Q16866385,1486,1487,wikidata
lord mayor of london,Sir William Whorne,Q16206798,1487,1488,wikidata
lord mayor of london,Hugh Clopton,Q3787436,1491,1492,wikidata
lord mayor of london,William Martyn,Q101513262,1492,1493,wikidata
lord mayor of london,Henry Colet,Q16866385,1495,1496,wikidata
lord mayor of london,John Tate,Q22087323,1496,1497,wikidata
lord mayor of london,John Shaa,Q16204972,1501,1502,wikidata
lord mayor of london,Bartholomew Reade,Q51658484,1502,1503,wikidata
lord mayor of london,Sir William Capel,Q8006525,1503,1504,wikidata
lord mayor of london,Stephen Jenyns,Q7609598,1508,1509,wikidata
lord mayor of london,Sir Thomas Bradbury,Q105776971,1509,1510,wikidata
lord mayor of london,Sir William Capel,Q8006525,1510,1511,wikidata
lord mayor of london,Henry Keble,Q16200337,1510,1511,wikidata
lord mayor of london,William Browne,Q16197601,1513,1514,wikidata
lord mayor of london,John Tate,Q22087323,1514,1514,wikidata
lord mayor of london,George Monoux,Q5542568,1514,1515,wikidata
lord mayor of london,Thomas Exmewe,Q7789414,1517,1518,wikidata
lord mayor of london,Thomas Murfyn,Q7792618,1518,1519,wikidata
lord mayor of london,John Brydges,Q24254940,1520,1521,wikidata
lord mayor of london,John Mundy,Q6249802,1522,1533,wikidata
lord mayor of london,John Alleyn,Q61911559,1525,1526,wikidata
lord mayor of london,Sir John Rudston,Q75492395,1528,1529,wikidata
lord mayor of london,John Champneys,Q16863434,1534,1535,wikidata
lord mayor of london,John Alleyn,Q61911559,1535,1536,wikidata
lord mayor of london,Ralph Warren,Q7288239,1536,1536,wikidata
lord mayor of london,Richard Gresham,Q7326075,1537,1538,wikidata
lord mayor of london,William Holles,Q8012427,1539,1540,wikidata
lord mayor of london,William Roche,Q118501299,1540,1541,wikidata
lord mayor of london,Michael Dormer,Q16830069,1541,1542,wikidata
lord mayor of london,William Bowyer,Q53577062,1543,1544,wikidata
lord mayor of london,Ralph Warren,Q7288239,1544,1544,wikidata
lord mayor of london,William Laxton,Q8014374,1544,1545,wikidata
lord mayor of london,Martin Bowes,Q6775039,1545,1546,wikidata
lord mayor of london,John Gresham,Q6236290,1547,1548,wikidata
lord mayor of london,Rowland Hill,Q7372144,1549,1550,wikidata
lord mayor of london,Andrew Judde,Q18160401,1550,1550,wikidata
lord mayor of london,Sir Richard Dobbs,Q75888879,1551,1552,wikidata
lord mayor of london,Sir George Barne,Q96075939,1552,1553,wikidata
lord mayor of london,Thomas White,Q2428137,1553,1553,wikidata
lord mayor of london,John Lyon,Q130500881,1554,,wikidata
lord mayor of london,William Garrard,Q8009697,1555,1556,wikidata
lord mayor of london,Thomas Offley,Q18672633,1556,1557,wikidata
lord mayor of london,Thomas Curtis,Q47476980,1557,1558,wikidata
lord mayor of london,Thomas Leigh,Q7791799,1558,1559,wikidata
lord mayor of london,William Hewett,Q21283036,1559,1560,wikidata
lord mayor of london,William Chester,Q15637748,1560,1561,wikidata
lord mayor of london,William Harpur,Q8010904,1561,1562,wikidata
lord mayor of london,Thomas Lodge,Q7791899,1562,1563,wikidata
lord mayor of london,John White,Q105676584,1563,1564,wikidata
lord mayor of london,Sir Richard Mallory,Q76027025,1564,1565,wikidata
lord mayor of london,Sir Roger Martyn,Q28457853,1567,1568,wikidata
lord mayor of london,Thomas Rowe,Q130526223,1568,1569,wikidata
lord mayor of london,Rowland Hayward,Q16842189,1570,1571,wikidata
lord mayor of london,Lionel Duckett,Q6555620,1572,1573,wikidata
lord mayor of london,John Rivers,Q6255027,1573,1574,wikidata
lord mayor of london,Ambrose Nicholas,Q19662004,1575,1576,wikidata
lord mayor of london,Thomas Ramsey,Q20005769,1577,1578,wikidata
lord mayor of london,Nicholas Woodroffe,Q24713694,1579,1580,wikidata
lord mayor of london,Sir James Harvey,Q17425013,1581,1581,wikidata
lord mayor of london,Thomas Blanke,Q19666937,1582,1583,wikidata
lord mayor of london,Edward Osborne,Q5344701,1583,1584,wikidata
lord mayor of london,Thomas Pullyson,Q7793314,1584,1585,wikidata
lord mayor of london,Wolstan Dixie,Q8030431,1585,1586,wikidata
lord mayor of london,George Barne,Q5536724,1586,1587,wikidata
lord mayor of london,George Bond,Q28043535,1587,1588,wikidata
lord mayor of london,John Harte,Q18752832,1589,1590,wikidata
lord mayor of london,Richard Martin,Q7327658,1589,1589,wikidata
lord mayor of london,John Allot,Q18748688,1590,1591,wikidata
lord mayor of london,William Webbe,Q18162616,1591,1592,wikidata
lord mayor of london,Rowland Hayward,Q16842189,1591,1591,wikidata
lord mayor of london,William Rowe,Q8017806,1592,1593,wikidata
lord mayor of london,Cuthbert Buckle,Q18159686,1593,1594,wikidata
lord mayor of london,Richard Martin,Q7327658,1594,1594,wikidata
lord mayor of london,John Spencer,Q16863731,1594,1595,wikidata
lord mayor of london,Stephen Slaney,Q16228462,1595,1596,wikidata
lord mayor of london,Thomas Skinner,Q7794002,1596,1596,wikidata
lord mayor of london,Henry Billingsley,Q12729940,1596,1597,wikidata
lord mayor of london,Richard Saltonstall,Q7328867,1597,1598,wikidata
lord mayor of london,Stephen Soame,Q7610566,1598,,wikidata
lord mayor of london,Nicholas Mosley,Q7025934,1599,1600,wikidata
lord mayor of london,William Ryder,Q16846286,1600,1610,wikidata
lord mayor of london,John Garrard,Q6234901,1601,1602,wikidata
lord mayor of london,Robert Lee,Q7346790,1602,1603,wikidata
lord mayor of london,Thomas Bennett,Q7787572,1603,1604,wikidata
lord mayor of london,Thomas Lowe,Q7791944,1604,1605,wikidata
lord mayor of london,Leonard Holliday,Q6525383,1605,1606,wikidata
lord mayor of london,John Watts,Q6263262,1606,1607,wikidata
lord mayor of london,Sir Henry Rowe,Q76131914,1607,1608,wikidata
lord mayor of london,Humphrey Weld,Q5941666,1608,1609,wikidata
lord mayor of london,Thomas Cambell,Q7788202,1609,,wikidata
lord mayor of london,William Craven,Q8007263,1610,1611,wikidata
lord mayor of london,James Pemberton,Q16859815,1611,1612,wikidata
lord mayor of london,John Swynnerton,Q6259847,1612,1613,wikidata
lord mayor of london,Thomas Myddelton,Q7792647,1613,1614,wikidata
lord mayor of london,Thomas Hayes,Q7790518,1614,1615,wikidata
lord mayor of london,John Jolles,Q6241987,1615,1616,wikidata
lord mayor of london,John Leman,Q6244511,1616,1617,wikidata
lord mayor of london,George Bolles,Q5537086,1617,1618,wikidata
lord mayor of london,Sebastian Harvey,Q7442429,1618,1619,wikidata
lord mayor of london,William Cockayne,Q1289573,1619,1620,wikidata
lord mayor of london,Francis Jones,Q5481532,1620,1621,wikidata
lord mayor of london,Edward Barkham,Q5341767,1621,1622,wikidata
lord mayor of london,Peter Proby,Q7176454,1622,1633,wikidata
lord mayor of london,Martin Lumley,Q6776035,1623,,wikidata
lord mayor of london,John Gore,Q6235795,1624,1625,wikidata
lord mayor of london,Sir Allan Cotton,Q4730540,1625,,wikidata
lord mayor of london,Cuthbert Hacket,Q5196788,1626,,wikidata
lord mayor of london,Hugh Hamersley,Q5931022,1627,1628,wikidata
lord mayor of london,Richard Deane,Q16207747,1628,1629,wikidata
lord mayor of london,James Cambell,Q6130901,1629,1630,wikidata
lord mayor of london,Robert Ducie,Q7343661,1630,1631,wikidata
lord mayor of london,George Whitmore,Q5546234,1631,1631,wikidata
lord mayor of london,Nicholas Rainton,Q7026104,1632,1633,wikidata
lord mayor of london,Ralph Freeman,Q7287503,1633,1634,wikidata
lord mayor of london,Thomas Moulson,Q7792593,1634,1634,wikidata
lord mayor of london,Robert Parkhurst,Q7348290,1634,1635,wikidata
lord mayor of london,Christopher Clitherow,Q5112114,1635,1636,wikidata
lord mayor of london,Edward Bromfield,Q5342024,1636,1637,wikidata
lord mayor of london,Richard Venn,Q7329653,1637,1638,wikidata
lord mayor of london,Maurice Abbot,Q3852414,1638,1639,wikidata
lord mayor of london,Henry Garraway,Q5721805,1639,1639,wikidata
lord mayor of london,"Sir William Acton, 1st Baronet",Q7529461,1640,1640,wikidata
lord mayor of london,Edmund Wright,Q5339935,1640,1641,wikidata
lord mayor of london,"Sir Richard Gurney, 1st Baronet",Q7528597,1641,1641,wikidata
lord mayor of london,Isaac Penington,Q6076943,1642,1643,wikidata
lord mayor of london,John Wollaston,Q6264740,1643,1644,wikidata
lord mayor of london,Thomas Atkins,Q7787189,1644,,wikidata
lord mayor of london,"Sir Thomas Adams, 1st Baronet",Q4057352,1645,,wikidata
lord mayor of london,John Gayer,Q6235018,1646,1647,wikidata
lord mayor of london,John Warner,Q6263061,1647,1648,wikidata
lord mayor of london,Abraham Reynardson,Q4669146,1648,1649,wikidata
lord mayor of london,Thomas Foote,Q7789706,1649,1650,wikidata
lord mayor of london,Thomas Andrewes,Q7787076,1650,1651,wikidata
lord mayor of london,John Kendrick,Q48699936,1651,1651,wikidata
lord mayor of london,John Fowke,Q6233781,1652,,wikidata
lord mayor of london,Thomas Vyner,Q16848556,1653,,wikidata
lord mayor of london,Christopher Packe,Q5113019,1654,1654,wikidata
lord mayor of london,John Dethick,Q16199986,1655,,wikidata
lord mayor of london,Robert Tichborne,Q7350395,1656,1657,wikidata
lord mayor of london,Richard Chiverton,Q16239289,1657,1658,wikidata
lord mayor of london,John Ireton,Q6240852,1658,1658,wikidata
lord mayor of london,"Sir Thomas Allen, 1st Baronet",Q7529028,1659,1659,wikidata
lord mayor of london,"Sir Richard Browne, 1st Baronet, of London",Q16190216,1660,1660,wikidata
lord mayor of london,John Frederick,Q14809005,1661,,wikidata
lord mayor of london,Sir John Robinson,Q7528022,1662,1662,wikidata
lord mayor of london,Anthony Bateman,Q4772078,1663,1663,wikidata
lord mayor of london,John Lawrence,Q6244176,1664,1665,wikidata
lord mayor of london,Thomas Bloodworth,Q921863,1665,,wikidata
lord mayor of london,William Bolton,Q8005684,1666,1667,wikidata
lord mayor of london,William Turner,Q8019574,1668,1669,wikidata
lord mayor of london,Sir Samuel Starling,Q75785785,1669,1670,wikidata
lord mayor of london,Sir Richard Ford,Q16837338,1670,,wikidata
lord mayor of london,Sir William Hooker,Q75963121,1673,,wikidata
lord mayor of london,"Sir Robert Viner, 1st Baronet",Q2472240,1674,,wikidata
lord mayor of london,Sir Joseph Sheldon,Q75826320,1675,1675,wikidata
lord mayor of london,Thomas Davies,Q18559885,1676,1676,wikidata
lord mayor of london,Sir Francis Chaplin,Q75568989,1677,1677,wikidata
lord mayor of london,Robert Clayton,Q7342961,1679,,wikidata
lord mayor of london,Patience Ward,Q7144942,1680,1680,wikidata
lord mayor of london,John Moore,Q6249260,1681,,wikidata
lord mayor of london,William Prichard,Q8017088,1682,1683,wikidata
lord mayor of london,Henry Tulse,Q5729355,1683,1683,wikidata
lord mayor of london,James Smyth,Q125647642,1684,,wikidata
lord mayor of london,Robert Geffrye,Q16239647,1685,1685,wikidata
lord mayor of london,Sir John Peake,Q75436172,1686,1686,wikidata
lord mayor of london,John Shorter,Q22998064,1687,1687,wikidata
lord mayor of london,John Eyles,Q16239516,1688,1688,wikidata
lord mayor of london,Thomas Pilkington,Q7793172,1689,1690,wikidata
lord mayor of london,Sir Thomas Stamp,Q75500501,1691,,wikidata
lord mayor of london,John Fleet,Q6233409,1692,1693,wikidata
lord mayor of london,William Ashhurst,Q8004618,1693,1694,wikidata
lord mayor of london,Sir Thomas Lane,Q130494263,1694,1695,wikidata
lord mayor of london,John Houblon,Q372504,1695,1696,wikidata
lord mayor of london,Edward Clarke,Q60771413,1696,1696,wikidata
lord mayor of london,Humphrey Edwin,Q5941378,1697,1697,wikidata
lord mayor of london,Francis Child,Q16239281,1698,1699,wikidata
lord mayor of london,Richard Levett,Q7327356,1699,1700,wikidata
lord mayor of london,Thomas Abney,Q7786931,1700,1701,wikidata
lord mayor of london,William Gore,Q22038952,1701,1701,wikidata
lord mayor of london,Samuel Dashwood,Q19979589,1702,1702,wikidata
lord mayor of london,John Parsons,Q30321462,1703,1703,wikidata
lord mayor of london,Owen Buckingham,Q16859256,1704,1704,wikidata
lord mayor of london,Thomas Rawlinson,Q18530856,1705,1706,wikidata
lord mayor of london,Robert Bedingfield,Q26791025,1706,1707,wikidata
lord mayor of london,William Withers,Q8020498,1707,1707,wikidata
lord mayor of london,Charles Duncombe,Q5077005,1708,1708,wikidata
lord mayor of london,"Sir Samuel Garrard, 4th Baronet",Q7528939,1709,1709,wikidata
lord mayor of london,"Sir Gilbert Heathcote, 1st Baronet",Q7526972,1710,1710,wikidata
lord mayor of london,Robert Beachcroft,Q59919325,1711,1712,wikidata
lord mayor of london,Richard Hoare,Q3430869,1712,1713,wikidata
lord mayor of london,Samuel Stanier,Q59919355,1713,1713,wikidata
lord mayor of london,William Humfreys,Q8012666,1714,1715,wikidata
lord mayor of london,Charles Peers,Q5081564,1715,1716,wikidata
lord mayor of london,James Bateman,Q22336759,1716,1717,wikidata
lord mayor of london,William Lewen,Q30312761,1717,1718,wikidata
lord mayor of london,John Ward,Q22909702,1718,1719,wikidata
lord mayor of london,George Thorold,Q5545214,1719,1729,wikidata
lord mayor of london,"Sir John Fryer, 1st Baronet",Q28131535,1720,1721,wikidata
lord mayor of london,Gerard Conyers,Q22336791,1722,1722,wikidata
lord mayor of london,Peter Delmé,Q7173618,1723,1723,wikidata
lord mayor of london,Sir George Merttins,Q76329843,1724,1725,wikidata
lord mayor of london,"Sir John Eyles, 2nd Baronet",Q7527769,1726,1726,wikidata
lord mayor of london,Humphrey Parsons,Q18576351,1730,1731,wikidata
lord mayor of london,Francis Child,Q15637739,1731,1732,wikidata
lord mayor of london,William Billers,Q28864157,1733,1734,wikidata
lord mayor of london,Edward Bellamy,Q22336766,1734,1734,wikidata
lord mayor of london,John Williams,Q6264348,1735,1736,wikidata
lord mayor of london,Sir John Thompson,Q96086375,1736,1737,wikidata
lord mayor of london,John Barnard,Q6220731,1737,1738,wikidata
lord mayor of london,Micajah Perry,Q18819701,1738,1739,wikidata
lord mayor of london,Robert Willimot,Q28062229,1742,1743,wikidata
lord mayor of london,George Heathcote,Q5540371,1742,1742,wikidata
lord mayor of london,Henry Marshall,Q36704872,1744,1745,wikidata
lord mayor of london,Richard Hoare,Q19325209,1745,1745,wikidata
lord mayor of london,William Benn,Q60765759,1746,1747,wikidata
lord mayor of london,Robert Ladbroke,Q18160477,1747,1748,wikidata
lord mayor of london,William Calvert,Q16885503,1748,1749,wikidata
lord mayor of london,Samuel Pennant,Q7412378,1749,1750,wikidata
lord mayor of london,Thomas Winterbottom,Q130360364,1751,1752,wikidata
lord mayor of london,Crisp Gascoyne,Q3002790,1752,1753,wikidata
lord mayor of london,Thomas Rawlinson,Q18577099,1753,1754,wikidata
lord mayor of london,Edward Ironside,Q59978433,1753,1753,wikidata
lord mayor of london,Stephen Theodore Janssen,Q36622498,1754,1754,wikidata
lord mayor of london,Slingsby Bethell,Q24254297,1755,1756,wikidata
lord mayor of london,Marshe Dickinson,Q26779219,1756,1757,wikidata
lord mayor of london,"Sir Charles Asgill, 1st Baronet",Q7526169,1757,1758,wikidata
lord mayor of london,"Sir Richard Glyn, 1st Baronet, of Ewell",Q7528581,1758,1759,wikidata
lord mayor of london,Matthew Blakiston,Q6790173,1760,1761,wikidata
lord mayor of london,"Sir Samuel Fludyer, 1st Baronet",Q3471114,1761,1762,wikidata
lord mayor of london,William Beckford,Q333240,1762,1763,wikidata
lord mayor of london,Sir William Stephenson,Q75558014,1764,1765,wikidata
lord mayor of london,Robert Kite,Q7346394,1766,1767,wikidata
lord mayor of london,Thomas Harley,Q7790431,1767,1768,wikidata
lord mayor of london,Samuel Turner,Q75939910,1768,1769,wikidata
lord mayor of london,William Beckford,Q333240,1769,1770,wikidata
lord mayor of london,Barlow Trecothick,Q26880502,1770,1770,wikidata
lord mayor of london,Brass Crosby,Q4957862,1770,1771,wikidata
lord mayor of london,William Nash,Q21597592,1771,1772,wikidata
lord mayor of london,James Townsend,Q6144375,1772,1773,wikidata
lord mayor of london,Frederick Bull,Q26790484,1773,1774,wikidata
lord mayor of london,John Wilkes,Q333127,1774,1775,wikidata
lord mayor of london,John Sawbridge,Q6256771,1775,1776,wikidata
lord mayor of london,Thomas Hallifax,Q16201984,1776,1777,wikidata
lord mayor of london,James Esdaile,Q6133513,1777,1778,wikidata
lord mayor of london,Brackley Kennett,Q4953726,1779,1780,wikidata
lord mayor of london,Watkin Lewes,Q7974676,1780,1781,wikidata
lord mayor of london,William Bridgen,Q75418652,1783,1784,wikidata
lord mayor of london,Thomas Wright,Q25171779,1785,1786,wikidata
lord mayor of london,Thomas Sainsbury,Q130360078,1786,1787,wikidata
lord mayor of london,William Pickett,Q20530059,1789,1790,wikidata
lord mayor of london,John Boydell,Q321419,1790,1791,wikidata
lord mayor of london,Sir John Hopkins,Q76189387,1791,1792,wikidata
lord mayor of london,"Sir James Sanderson, 1st Baronet",Q7527484,1792,1793,wikidata
lord mayor of london,Paul Le Mesurier,Q18534871,1793,1794,wikidata
lord mayor of london,Thomas Skinner,Q96079712,1794,1795,wikidata
lord mayor of london,"Sir William Curtis, 1st Baronet",Q7529551,1795,1796,wikidata
lord mayor of london,Brook Watson,Q4974369,1796,1797,wikidata
lord mayor of london,"Sir John Anderson, 1st Baronet, of Mill Hill",Q7527555,1797,1798,wikidata
lord mayor of london,"Sir Richard Glyn, 1st Baronet, of Gaunt's House",Q7528585,1798,1799,wikidata
lord mayor of london,Harvey Christian Combe,Q5677102,1799,1800,wikidata
lord mayor of london,William Staines,Q18162504,1800,1801,wikidata
lord mayor of london,"Sir Charles Price, 1st Baronet",Q7526281,1802,1803,wikidata
lord mayor of london,"Sir John Perring, 1st Baronet",Q15994685,1803,1804,wikidata
lord mayor of london,Peter Perchard,Q16858186,1804,1805,wikidata
lord mayor of london,"Sir James Shaw, 1st Baronet",Q7527489,1805,1806,wikidata
lord mayor of london,William Leighton,Q16857822,1806,1807,wikidata
lord mayor of london,John Ansley,Q16151390,1807,1808,wikidata
lord mayor of london,"Sir Charles Flower, 1st Baronet",Q16857611,1808,1809,wikidata
lord mayor of london,Thomas Smith,Q26827839,1809,1810,wikidata
lord mayor of london,"Sir Claudius Hunter, 1st Baronet",Q7526345,1811,1812,wikidata
lord mayor of london,George Scholey,Q18392301,1812,1813,wikidata
lord mayor of london,"Sir William Domville, 1st Baronet",Q21061992,1813,1814,wikidata
lord mayor of london,Samuel Birch,Q16842221,1814,1815,wikidata
lord mayor of london,"Sir Matthew Wood, 1st Baronet",Q7528319,1815,1817,wikidata
lord mayor of london,Christopher Smith,Q22041142,1817,1818,wikidata
lord mayor of london,John Atkins,Q6219675,1818,1819,wikidata
lord mayor of london,George Bridges,Q24254553,1819,1820,wikidata
lord mayor of london,John Thomas Thorp,Q26262560,1820,1821,wikidata
lord mayor of london,Christopher Magnay,Q5112792,1821,1822,wikidata
lord mayor of london,"Sir William Heygate, 1st Baronet",Q19874139,1822,1823,wikidata
lord mayor of london,Robert Waithman,Q7350786,1823,1824,wikidata
lord mayor of london,William Venables,Q24568675,1825,1826,wikidata
lord mayor of london,William Thompson,Q18936317,1828,1829,wikidata
lord mayor of london,John Crowder,Q18576461,1829,1830,wikidata
lord mayor of london,"Sir John Key, 1st Baronet",Q7527866,1830,1832,wikidata
lord mayor of london,Peter Laurie,Q7175372,1832,1833,wikidata
lord mayor of london,Henry Winchester,Q24568682,1834,1835,wikidata
lord mayor of london,William Taylor Copeland,Q8019215,1835,1836,wikidata
lord mayor of london,John Cowan,Q6227365,1837,1838,wikidata
lord mayor of london,Samuel Wilson,Q130344230,1838,1839,wikidata
lord mayor of london,"Sir John Pirie, 1st Baronet",Q7528008,1841,1842,wikidata
lord mayor of london,John Humphery,Q21556538,1842,1843,wikidata
lord mayor of london,"Sir William Magnay, 1st Baronet",Q7529676,1843,1844,wikidata
lord mayor of london,"Sir James Duke, 1st Baronet",Q7527407,1848,1849,wikidata
lord mayor of london,"Sir John Musgrove, 1st Baronet",Q7527958,1850,1851,wikidata
lord mayor of london,Thomas Challis,Q16065383,1852,1853,wikidata
lord mayor of london,Thomas Sidney,Q26257753,1853,1854,wikidata
lord mayor of london,Francis Moon,Q5481949,1854,1855,wikidata
lord mayor of london,David Salomons,Q5239433,1855,1856,wikidata
lord mayor of london,William Ferneley Allen,Q113802097,1857,1858,wikidata
lord mayor of london,Robert Carden,Q13529861,1857,1858,wikidata
lord mayor of london,John Carter,Q130343507,1859,1860,wikidata
lord mayor of london,William Cubitt,Q8007345,1860,1862,wikidata
lord mayor of london,William Anderson Rose,Q13530033,1862,1863,wikidata
lord mayor of london,William Lawrence,Q8014353,1863,1864,wikidata
lord mayor of london,Warren Stormes Hale,Q7970506,1864,1865,wikidata
lord mayor of london,Benjamin Samuel Phillips,Q75606320,1865,1866,wikidata
lord mayor of london,"Sir Thomas Gabriel, 1st Baronet",Q7529131,1866,1867,wikidata
lord mayor of london,"Sir James Lawrence, 1st Baronet",Q7527452,1868,1869,wikidata
lord mayor of london,Robert Besley,Q7342077,1869,1870,wikidata
lord mayor of london,Thomas Dakin,Q130212799,1870,1871,wikidata
lord mayor of london,"Sir Sills John Gibbons, 1st Baronet",Q21597593,1871,1872,wikidata
lord mayor of london,"Sir Sydney Waterlow, 1st Baronet",Q7528999,1872,1873,wikidata
lord mayor of london,Andrew Lusk,Q4757810,1873,1874,wikidata
lord mayor of london,David Henry Stone,Q5234926,1874,1875,wikidata
lord mayor of london,William Cotton,Q8007151,1875,1876,wikidata
lord mayor of london,Thomas Owden,Q130342601,1877,1878,wikidata
lord mayor of london,Charles Whetham,Q5083489,1878,1879,wikidata
lord mayor of london,Francis Wyatt Truscott,Q23758958,1879,1880,wikidata
lord mayor of london,William McArthur,Q8015303,1880,1881,wikidata
lord mayor of london,"Sir John Whittaker Ellis, 1st Baronet",Q11803265,1881,1882,wikidata
lord mayor of london,"Sir Robert Fowler, 1st Baronet",Q3435129,1883,1884,wikidata
lord mayor of london,George Swan Nottage,Q76124243,1884,1885,wikidata
lord mayor of london,"Sir Robert Fowler, 1st Baronet",Q3435129,1885,1886,wikidata
lord mayor of london,Reginald Hanson,Q7308730,1886,1887,wikidata
lord mayor of london,Polydore de Keyser,Q2160543,1887,1888,wikidata
lord mayor of london,"Sir James Whitehead, 1st Baronet",Q7527510,1888,1889,wikidata
lord mayor of london,Henry Isaacs,Q1377161,1889,1890,wikidata
lord mayor of london,"Sir Joseph Savory, 1st Baronet",Q7528200,1890,1891,wikidata
lord mayor of london,David Treharne Evans,Q20733049,1891,1892,wikidata
lord mayor of london,"Sir Stuart Knill, 1st Baronet",Q30050977,1892,1893,wikidata
lord mayor of london,George Tyler,Q5545385,1893,1894,wikidata
lord mayor of london,"Sir Joseph Renals, 1st Baronet",Q76138668,1894,1895,wikidata
lord mayor of london,Sir Walter Henry Wilkin,Q108084669,1895,1896,wikidata
lord mayor of london,George Faudel-Phillips,Q22704637,1896,1897,wikidata
lord mayor of london,Horatio Davies,Q5902647,1897,1898,wikidata
lord mayor of london,John Voce Moore,Q6262055,1898,1899,wikidata
lord mayor of london,Sir Alfred James Newton,Q27832571,1899,1900,wikidata
lord mayor of london,"Sir Frank Green, 1st Baronet",Q109717348,1900,1901,wikidata
lord mayor of london,"Sir Joseph Dimsdale, 1st Baronet",Q7528185,1901,1902,wikidata
lord mayor of london,"Marcus Samuel, 1st Viscount Bearsted",Q336224,1902,1903,wikidata
lord mayor of london,"Sir James Ritchie, 1st Baronet",Q61962602,1903,1904,wikidata
lord mayor of london,"Sir John Pound, 1st Baronet",Q17010245,1904,1905,wikidata
lord mayor of london,"Sir Walter Morgan, 1st Baronet",Q7529393,1905,1906,wikidata
lord mayor of london,"Sir William Treloar, 1st Baronet",Q7529800,1906,1907,wikidata
lord mayor of london,"Sir John Charles Bell, 1st Baronet",Q56036413,1907,1908,wikidata
lord mayor of london,"George Truscott, 1st Baronet",Q26721343,1908,1909,wikidata
lord mayor of london,"Sir John Knill, 2nd Bt.",Q76046912,1909,1910,wikidata
lord mayor of london,Vezey Strong,Q12356445,1910,1911,wikidata
lord mayor of london,Thomas Crosby,Q105047266,1911,1912,wikidata
lord mayor of london,"Sir David Burnett, 1st Bt.",Q75417100,1912,1913,wikidata
lord mayor of london,"Sir Vansittart Bowater, 1st Baronet",Q7529349,1913,1914,wikidata
lord mayor of london,"Sir Charles Johnston, 1st Baronet",Q7526228,1914,1915,wikidata
lord mayor of london,"Charles Wakefield, 1st Viscount Wakefield",Q5083297,1915,1916,wikidata
lord mayor of london,"Sir William Dunn, 1st Baronet, of Clitheroe",Q7529569,1916,1917,wikidata
lord mayor of london,"Sir Charles Hanson, 1st Baronet",Q7526213,1917,1918,wikidata
lord mayor of london,"Horace Brooks Marshall, 1st Baron Marshall of Chipstead",Q5901571,1918,1918,wikidata
lord mayor of london,Edward Ernest Cooper,Q37339962,1919,1920,wikidata
lord mayor of london,"Sir James Roll, 1st Baronet",Q108032887,1920,1921,wikidata
lord mayor of london,"Sir John Baddeley, 1st Baronet",Q7527572,1921,1922,wikidata
lord mayor of london,Edward Cecil Moore,Q101094208,1922,1923,wikidata
lord mayor of london,"Sir Louis Newton, 1st Baronet",Q75557045,1923,1924,wikidata
lord mayor of london,"Sir Alfred Bower, 1st Baronet",Q7525971,1924,1925,wikidata
lord mayor of london,"Sir William Pryke, 1st Baronet",Q76132776,1925,1926,wikidata
lord mayor of london,"Rowland Blades, 1st Baron Ebbisham",Q7372100,1926,1927,wikidata
lord mayor of london,"Sir Charles Batho, 1st Baronet",Q27929608,1927,1928,wikidata
lord mayor of london,Kynaston Studd,Q14633124,1928,1929,wikidata
lord mayor of london,"Sir William Waterlow, 1st Baronet",Q29099150,1929,1930,wikidata
lord mayor of london,"Sir William Neal, 1st Baronet",Q15996315,1930,1931,wikidata
lord mayor of london,"Sir Maurice Jenks, 1st Baronet",Q22018753,1931,1932,wikidata
lord mayor of london,"Sir Percy Greenaway, 1st Baronet",Q75952653,1932,1933,wikidata
lord mayor of london,"Sir Charles Henry Collett, 1st Baronet",Q59584778,1933,1934,wikidata
lord mayor of london,Stephen Killik,Q101252467,1934,1935,wikidata
lord mayor of london,"Sir Percy Vincent, 1st Baronet",Q107916909,1935,1936,wikidata
lord mayor of london,"George Broadbridge, 1st Baron Broadbridge",Q5537264,1936,1937,wikidata
lord mayor of london,Harry Twyford,Q107298196,1937,1938,wikidata
lord mayor of london,Frank Bowater,Q5485417,1938,1939,wikidata
lord mayor of london,William Coxen,Q8007215,1939,1940,wikidata
lord mayor of london,"Sir George Wilkinson, 1st Baronet",Q21557172,1940,1941,wikidata
lord mayor of london,"Sir John Laurie, 1st Baronet",Q107915879,1941,1942,wikidata
lord mayor of london,"Samuel Joseph, 1st Baronet",Q15995915,1942,1943,wikidata
lord mayor of london,"Sir Frank Newson-Smith, 1st Baronet",Q56879832,1943,1944,wikidata
lord mayor of london,"Sir Frank Alexander, 1st Baronet",Q42156064,1944,1945,wikidata
lord mayor of london,"Sir Charles Davis, 1st Baronet",Q75806554,1945,1945,wikidata
lord mayor of london,Bracewell Smith,Q4953255,1946,1947,wikidata
lord mayor of london,"Sir Frederick Wells, 1st Baronet",Q75952659,1947,1948,wikidata
lord mayor of london,George Aylwen,Q47520335,1948,1949,wikidata
lord mayor of london,"Sir Frederick Rowland, 1st Baronet",Q107915020,1949,1950,wikidata
lord mayor of london,"Sir Denys Lowson, 1st Baronet",Q18527681,1950,1951,wikidata
lord mayor of london,Leslie Boyce,Q6530658,1951,1952,wikidata
lord mayor of london,Rupert de la Bère,Q7380377,1952,1953,wikidata
lord mayor of london,"Sir Noël Bowater, 2nd Baronet",Q7528396,1953,1954,wikidata
lord mayor of london,"Sir Seymour Howard, 1st Baronet",Q16005819,1954,1955,wikidata
lord mayor of london,Cuthbert Ackroyd,Q5196758,1955,1956,wikidata
lord mayor of london,"Sir Cullum Welch, 1st Baronet",Q19953742,1956,1957,wikidata
lord mayor of london,Denis Truscott,Q75753057,1957,1958,wikidata
lord mayor of london,"Sir Harold Gillett, 1st Baronet",Q7527036,1958,1959,wikidata
lord mayor of london,"Sir Edmund Stockdale, 1st Baronet",Q75455298,1959,1960,wikidata
lord mayor of london,Bernard Waley-Cohen,Q822764,1960,1961,wikidata
lord mayor of london,"Sir Frederick Alfred Hoare, 1st Bt",Q124337953,1961,1982,wikidata
lord mayor of london,"Sir Ralph Perring, 1st Baronet",Q61937823,1962,1963,wikidata
lord mayor of london,James Harman,Q108044516,1963,1964,wikidata
lord mayor of london,James Miller,Q19325014,1964,1965,wikidata
lord mayor of london,Lionel Denny,Q75854443,1965,1966,wikidata
lord mayor of london,Robert Bellinger,Q7342014,1966,1967,wikidata
lord mayor of london,Gilbert Inglefield,Q17451905,1967,1968,wikidata
lord mayor of london,Charles Trinder,Q107125186,1968,1969,wikidata
lord mayor of london,Ian Bowater,Q5980957,1969,1970,wikidata
lord mayor of london,Peter Malden Studd,Q7175617,1970,1971,wikidata
lord mayor of london,"Sir Hamilton Edward de Coucey Howard, 2nd Baronet",Q15971110,1971,1972,wikidata
lord mayor of london,"Alan Mais, Baron Mais",Q4707225,1972,1973,wikidata
lord mayor of london,Hugh Wontner,Q5933094,1973,1974,wikidata
lord mayor of london,Murray Fox,Q107120423,1974,1975,wikidata
lord mayor of london,Lindsay Ring,Q107120418,1975,1976,wikidata
lord mayor of london,Robin Gillett,Q7352419,1976,1977,wikidata
lord mayor of london,Peter Vanneck,Q7177468,1977,1978,wikidata
lord mayor of london,Kenneth Cork,Q3545284,1978,1979,wikidata
lord mayor of london,Peter Gadsden,Q7174153,1979,1980,wikidata
lord mayor of london,Ronald Gardner-Thorpe,Q20637082,1980,1981,wikidata
lord mayor of london,Christopher Leaver,Q17538688,1981,1982,wikidata
lord mayor of london,Anthony Jolliffe,Q107120657,1982,1983,wikidata
lord mayor of london,"Mary Donaldson, Lady Donaldson of Lymington",Q6779327,1983,1984,wikidata
lord mayor of london,Alan Traill,Q92846403,1984,1985,wikidata
lord mayor of london,Allan Davis,Q107915058,1985,1986,wikidata
lord mayor of london,David Rowe-Ham,Q107120666,1986,1987,wikidata
lord mayor of london,Greville Spratt,Q107120414,1987,1988,wikidata
lord mayor of london,Christopher Collett,Q75612328,1988,1989,wikidata
lord mayor of london,Hugh Bidwell,Q15971055,1989,1990,wikidata
lord mayor of london,Alexander Graham,Q27837152,1990,1991,wikidata
lord mayor of london,Brian Garton Jenkins,Q22278388,1991,1992,wikidata
lord mayor of london,Francis McWilliams,Q24006691,1992,1993,wikidata
lord mayor of london,Paul Newall,Q57239188,1993,1994,wikidata
lord mayor of london,Christopher Walford,Q65031456,1994,1995,wikidata
lord mayor of london,John Chalstrey,Q47484712,1995,1996,wikidata
lord mayor of london,Roger Cork,Q23682339,1996,1997,wikidata
lord mayor of london,Richard Nichols,Q65031256,1997,1998,wikidata
lord mayor of london,"Peter Levene, Baron Levene of Portsoken",Q2076647,1998,1999,wikidata
lord mayor of london,Clive Martin,Q15968082,1999,2000,wikidata
lord mayor of london,"Sir David Howarth Seymour Howard, 3rd Baronet",Q16106985,2000,2001,wikidata
lord mayor of london,Michael Oliver,Q6833235,2001,2002,wikidata
lord mayor of london,Gavyn Farr Arthur,Q22003191,2002,2003,wikidata
lord mayor of london,Robert Finch,Q7344333,2003,2004,wikidata
lord mayor of london,Michael Savory,Q6834144,2004,2005,wikidata
lord mayor of london,David Brewer,Q5241110,2005,2006,wikidata
lord mayor of london,John Stuttard,Q15070073,2006,2007,wikidata
lord mayor of london,David Lewis,Q5236559,2007,2008,wikidata
lord mayor of london,Ian Luder,Q5982096,2008,2009,wikidata
lord mayor of london,Nick Anstee,Q7026711,2009,2010,wikidata
lord mayor of london,Michael Bear,Q6828514,2010,2011,wikidata
lord mayor of london,David Wootton,Q5241293,2011,2012,wikidata
lord mayor of london,Roger Gifford,Q3439020,2012,2013,wikidata
lord mayor of london,Fiona Woolf,Q5451131,2013,2014,wikidata
lord mayor of london,Alan Yarrow,Q18197866,2014,2015,wikidata
lord mayor of london,Jeffrey Richard de Corban Evans,Q15989975,2015,2016,wikidata
lord mayor of london,Andrew Parmley,Q27861827,2016,2017,wikidata
lord mayor of london,Charles Bowman,Q47476991,2017,2018,wikidata
lord mayor of london,Peter Estlin,Q27734876,2018,2019,wikidata
lord mayor of london,William Russell,Q74148232,2019,2021,wikidata
lord mayor of london,Vincent Keaveny,Q104719163,2021,2022,wikidata
lord mayor of london,Nicholas Lyons,Q116146975,2022,2023,wikidata
lord mayor of london,Michael Raymond Mainelli,Q6832452,2023,2024,wikidata
lord mayor of london,Alastair John Naisbitt King,Q123865520,2024,2025,wikidata
lord mayor of london,Susan Langley,Q104708726,2025,,wikidata
visc. of fielding,,,,,
visc. of gallway,,,,,
visc. of midleton,,,,,
viscountess of chewton,,,,,
viscountess of gallway,,,,,
viscountess of irwin,,,,,
viscountess of midleton,,,,,
