group_id,match,entry_id,person_id,normalized_name,listed as,parsed_title,parsed_first,parsed_last,parsed_postnominals,parsed_occupation,parsed_affiliation,parsed_location,book,edition,year,match_rule,match_tier
cm_0055,,Equiano-Interesting-3-0058,Equiano-Interesting-3-0058,Mrs. Borekhardt,Mrs. Borekhardt,Mrs.,,Borekhardt,,,,,Interesting Narrative,3,1790,fuzzy_last_1+missing_first,candidate_within_linkage
cm_0032,,Equiano-Interesting-4-0071,Equiano-Interesting-4-0071,William Harkness,William Harkness,,William,Harkness,,,,,Interesting Narrative,4,1791,fuzzy_last_3+exact_first,candidate_within_linkage
cm_0366,,Equiano-Interesting-4-0102,Equiano-Interesting-4-0102,John Nicolson,John Nicolson,,John,Nicolson,,,,,Interesting Narrative,4,1791,fuzzy_last_3+exact_first,candidate_within_linkage
cm_0026,,Equiano-Interesting-4-0187,Equiano-Interesting-4-0187,Miss Ballie,Miss Ballie,Miss,,Ballie,,,,,Interesting Narrative,4,1791,fuzzy_last_1+missing_first,candidate_within_linkage
cm_0560,,Equiano-Interesting-4-0271,Equiano-Interesting-4-0271,Rev. Mr. Housman of Leicester,"Rev. Mr. Housman, of Leicester",Rev. Mr.,,Housman,,,,Leicester,Interesting Narrative,4,1791,fuzzy_last_1+missing_first+loc,candidate_within_linkage
cm_0879,,Equiano-Interesting-5-0254,Equiano-Interesting-5-0254,Dr. F. Sketon of Drogheda,Dr F. Sketon of Drogheda,Dr.,F.,Sketon,,,,Drogheda,Interesting Narrative,5,1792,fuzzy_last_1+initial_first+loc,candidate_within_linkage
cm_0971,,Equiano-Interesting-6-0235,Equiano-Interesting-6-0235,Mr. Thomas Bramwell,Mr. Thomas Bramwell,Mr.,Thomas,Bramwell,,,,,Interesting Narrative,6,1793,fuzzy_last_3+exact_first,candidate_within_linkage
cm_0891,,Equiano-Interesting-6-0418,Equiano-Interesting-6-0418,Mr. William Sedgework,Mr. Wm. Sedgework,Mr.,William,Sedgework,,,,,Interesting Narrative,6,1793,fuzzy_last_3+exact_first,candidate_within_linkage
cm_0669,,Equiano-Interesting-6-0639,Equiano-Interesting-6-0639,Rev. Mr. Moyle,Rev. Mr. Moyle,Rev. Mr.,,Moyle,,,,,Interesting Narrative,6,1793,fuzzy_last_1+missing_first,candidate_within_linkage
cm_0670,,Equiano-Interesting-6-0640,Equiano-Interesting-6-0640,Mrs. Michelson,Mrs. Michelson,Mrs.,,Michelson,,,,,Interesting Narrative,6,1793,fuzzy_last_1+missing_first,candidate_within_linkage
cm_0502,,Equiano-Interesting-7-0530,Equiano-Interesting-7-0530,S. M'Quire Esq.,"S. M'Quire, Esq.",,S.,M'Quire,Esq,,,,Interesting Narrative,7,1793,fuzzy_last_1+initial_first+post,candidate_within_linkage
cm_0609,,Equiano-Interesting-7-0579,Equiano-Interesting-7-0579,Messrs. Bole and Sott,"Messrs.Bole & Sott,do.",Messrs.,Bole,and Sott,,,,ditto,Interesting Narrative,7,1793,fuzzy_last_1+fuzzy_first,candidate_within_linkage
cm_0666,,Equiano-Interesting-7-0651,Equiano-Interesting-7-0651,R. Scott-Moncfief Esq. of Glasgow,"R. Scott-Moncfief, Esq. of Glasgow",,R.,Scott-Moncfief,,,,Glasgow,Interesting Narrative,7,1793,fuzzy_last_1+initial_first+loc,candidate_within_linkage
cm_0037,,Equiano-Interesting-8-0028,Equiano-Interesting-8-0028,Mrs. Raynes,Mrs. Raynes,Mrs.,,Raynes,,,,,Interesting Narrative,8,1794,fuzzy_last_1+missing_first,candidate_within_linkage
cm_0737,,Equiano-Interesting-8-0238,Equiano-Interesting-8-0238,Rev. Mr. Baker,The Rev. Mr. Baker,Rev. Mr.,,Baker,,,,,Interesting Narrative,8,1794,fuzzy_last_1+missing_first,candidate_within_linkage
cm_0187,,Equiano-Interesting-8-0667,Equiano-Interesting-8-0667,Mr. James Robinson of Norwich,Mr. James Robinson of Norwich,Mr.,James,Robinson,,,,Norwich,Interesting Narrative,8,1794,fuzzy_last_3+exact_first,candidate_within_linkage
cm_0587,,Equiano-Interesting-8-0780,Equiano-Interesting-8-0780,Dr. Patter of Tandragee,"Dr. Patter, of Tandragee",Dr.,,Patter,,,,Tandragee,Interesting Narrative,8,1794,fuzzy_last_1+missing_first+loc,candidate_within_linkage
cm_0595,,Equiano-Interesting-8-0858,Equiano-Interesting-8-0858,John Patterson Esq. of Glasgow,"John Patterson, Esq. of Glasgow",,John,Patterson,,,,Glasgow,Interesting Narrative,8,1794,fuzzy_last_3+exact_first,candidate_within_linkage
cm_0424,,Equiano-Interesting-9-0716,Equiano-Interesting-9-0716,John Marshall M. D.,"John Marshall, M. D.",,John,Marshall,M. D,,,,Interesting Narrative,9,1794,fuzzy_last_3+exact_first,candidate_within_linkage
cm_0727,,Equiano-Interesting-9-0722,Equiano-Interesting-9-0722,Rev. W. Richards M. A.,"Rev. W. Richards, M. A. 2 copies",Rev.,W.,Richards,,,,,Interesting Narrative,9,1794,fuzzy_last_2+missing_first,candidate_within_linkage
cm_1091,,Equiano-Interesting-4-0161,Equiano-Interesting-4-0161,Joseph C. Walker Esq.,"Joseph C. Walker, Esq.",,Joseph,C. Walker,Esq,,,,Interesting Narrative,4,1791,fuzzy_last_3+exact_first,candidate_cluster_merge
cm_1091,,Equiano-Interesting-3-0385,Equiano-Interesting-3-0385,Joseph Walker Esq.,"Joseph Walker, Esq. Ditto",,Joseph,Walker,Esq. Ditto,,,,Interesting Narrative,3,1790,fuzzy_last_3+exact_first,candidate_cluster_merge
cm_1092,,Equiano-Interesting-5-0256,Equiano-Interesting-5-0256,Mr. William Sproul of Athlone,Mr Wm.SproulofAthlone,Mr.,William,Sproul,,,,Athlone,Interesting Narrative,5,1792,fuzzy_last_1+initial_first+loc,candidate_cluster_merge
cm_1092,,Equiano-Interesting-8-0785,Equiano-Interesting-8-0785,Mr. W. Sproule Athlone,"Mr. W. Sproule, Athlone",Mr.,W.,Sproule,,,,Athlone,Interesting Narrative,8,1794,fuzzy_last_1+initial_first+loc,candidate_cluster_merge
cm_1093,,Equiano-Interesting-6-0218,Equiano-Interesting-6-0218,Dr. Alderson,Dr. Alderson,Dr.,,Alderson,,,,,Interesting Narrative,6,1793,fuzzy_last_1+missing_first,candidate_cluster_merge
cm_1093,,Equiano-Interesting-5-0278,Equiano-Interesting-5-0278,Dr. James Anderson Leith,"Dr James Anderson, Leith",Dr.,James,Anderson,,,,Leith,Interesting Narrative,5,1792,fuzzy_last_1+missing_first,candidate_cluster_merge
cm_1094,,Equiano-Interesting-8-0052,Equiano-Interesting-8-0052,Rev. Mr. Carlow of Mansfield,Rev. Mr. Carlow of Mansfield,Rev. Mr.,,Carlow,,,,Mansfield,Interesting Narrative,8,1794,fuzzy_last_1+missing_first+loc,candidate_cluster_merge
cm_1094,,Equiano-Interesting-4-0215,Equiano-Interesting-4-0215,Rev. Mr. Catlow Mansfield,"The Rev. Mr. Catlow, Mansfield",Rev. Mr.,,Catlow,,,,Mansfield,Interesting Narrative,4,1791,fuzzy_last_1+missing_first+loc,candidate_cluster_merge
cm_1095,,Equiano-Interesting-8-0579,Equiano-Interesting-8-0579,Rev. Samuel Forster D. D.,"Rev. Sam. Forester, D. D.",Rev.,Samuel,Forster,D. D,,,,Interesting Narrative,8,1794,fuzzy_last_1+missing_first,candidate_cluster_merge
cm_1095,,Equiano-Interesting-1-0103,Equiano-Interesting-1-0103,Rev. Mr. Foster,The Reverend Mr. Foster,Rev. Mr.,,Foster,,,,,Interesting Narrative,1,1789,fuzzy_last_1+missing_first,candidate_cluster_merge
cm_1096,,Equiano-Interesting-8-0726,Equiano-Interesting-8-0726,Mr. Thomas Watson,Mr. Thomas Watson,Mr.,Thomas,Watson,,,,,Interesting Narrative,8,1794,fuzzy_last_2+exact_first,candidate_within
cm_1096,,Equiano-Interesting-Am-0079,Equiano-Interesting-Am-0079,Thomas Mason Philadelphia,"Thomas Mason, Philadelphia",,Thomas,Mason,,,,Philadelphia,Interesting Narrative,Am,1791,fuzzy_last_2+exact_first,candidate_within
cm_1097,,Equiano-Interesting-8-0615,Equiano-Interesting-8-0615,Mr. William Hnkes,Mr. William H[?]nkes,Mr.,William,Hnkes,,,,,Interesting Narrative,8,1794,fuzzy_last_1+exact_first,candidate_within
cm_1097,,Equiano-Interesting-9-0608,Equiano-Interesting-9-0608,Mr. William Hankes,Mr. William Hankes,Mr.,William,Hankes,,,,,Interesting Narrative,9,1794,fuzzy_last_1+exact_first,candidate_within
cm_1098,,Equiano-Interesting-8-0626,Equiano-Interesting-8-0626,Mr. J. Landley Long Melford,"Mr. J. Landley, Long Melford",Mr.,J.,Landley,,,,Long Melford,Interesting Narrative,8,1794,fuzzy_last_1+initial_first+loc,candidate_within
cm_1098,,Equiano-Interesting-9-0617,Equiano-Interesting-9-0617,Mr. J. Langley Long Melford,"Mr. J. Langley, Long Melford",Mr.,J.,Langley,,,,Long Melford,Interesting Narrative,9,1794,fuzzy_last_1+initial_first+loc,candidate_within
cm_1099,,Equiano-Interesting-8-0648,Equiano-Interesting-8-0648,Rev. Samuel Newson,Rev. Samuel Newson,Rev.,Samuel,Newson,,,,,Interesting Narrative,8,1794,fuzzy_last_1+exact_first,candidate_within
cm_1099,,Equiano-Interesting-9-0634,Equiano-Interesting-9-0634,Rev. Samuel Newton,Rev. Samuel Newton,Rev.,Samuel,Newton,,,,,Interesting Narrative,9,1794,fuzzy_last_1+exact_first,candidate_within
cm_1100,,Equiano-Interesting-Am-0072,Equiano-Interesting-Am-0072,William Martin N. Y.,"William Martin, N. Y.",,William,Martin,N. Y,,,,Interesting Narrative,Am,1791,fuzzy_last_2+exact_first,candidate_within
cm_1100,,Equiano-Interesting-4-0015,Equiano-Interesting-4-0015,Mr. William Bardin,Mr. William Bardin,Mr.,William,Bardin,,,,,Interesting Narrative,4,1791,fuzzy_last_2+exact_first,candidate_within
cm_1101,,Equiano-Interesting-4-0045,Equiano-Interesting-4-0045,Mr. John Farris,Mr. John Farris,Mr.,John,Farris,,,,,Interesting Narrative,4,1791,fuzzy_last_2+exact_first,candidate_within
cm_1101,,Equiano-Interesting-Am-0046,Equiano-Interesting-Am-0046,John Ferriss Wilmington,"John Ferriss, Wilmington",,John,Ferriss,,,,Wilmington,Interesting Narrative,Am,1791,fuzzy_last_2+exact_first,candidate_within
cm_1102,,Equiano-Interesting-6-0546,Equiano-Interesting-6-0546,Mr. James Anderson Leith,"Mr. James Anderson, Leith",Mr.,James,Anderson,,,,Leith,Interesting Narrative,6,1793,fuzzy_last_1+exact_first,candidate_within
cm_1102,,Equiano-Interesting-8-0493,Equiano-Interesting-8-0493,James Alderson M. D.,"James Alderson, M. D.",,James,Alderson,M. D,,,,Interesting Narrative,8,1794,fuzzy_last_1+exact_first,candidate_within
cm_1103,,Equiano-Interesting-1-0093,Equiano-Interesting-1-0093,Sir Gilbert Elliot Bart.,"Sir Gilbert Elliot, Bart. 2 copies",Sir,Gilbert,Elliot,,,,,Interesting Narrative,1,1789,exact_last+exact_first,anchor_cross
cm_1103,,Equiano-Interesting-2-0114,Equiano-Interesting-2-0114,Sir Gilbert Elliot Bart.,"Sir Gilbert Elliot, Bart. 2 copies",Sir,Gilbert,Elliot,,,,,Interesting Narrative,2,1789,exact_last+exact_first,anchor_cross
cm_1103,,Equiano-Interesting-3-0119,Equiano-Interesting-3-0119,Sir Gilbert Elliot Bart.,"Sir Gilbert Elliot, Bart. 2 copies",Sir,Gilbert,Elliot,,,,,Interesting Narrative,3,1790,exact_last+exact_first,anchor_cross
cm_1103,,Equiano-Interesting-4-0233,Equiano-Interesting-4-0233,Sir Gilbert Elliot Bart.,"Sir Gilbert Elliot, Bart. 2 copies",Sir,Gilbert,Elliot,,,,,Interesting Narrative,4,1791,exact_last+exact_first,anchor_cross
cm_1103,,Equiano-Interesting-5-0070,Equiano-Interesting-5-0070,Sir Gilbert Elliot Bart.,"Sir Gilbert Elliot, Bart.",Sir,Gilbert,Elliot,Bart,,,,Interesting Narrative,5,1792,exact_last+exact_first,anchor_cross
cm_1103,,Equiano-Interesting-6-0071,Equiano-Interesting-6-0071,Sir Gilbert Elliot Bart.,"Sir Gilbert Elliot, Bart.",Sir,Gilbert,Elliot,Bart,,,,Interesting Narrative,6,1793,exact_last+exact_first,anchor_cross
cm_1103,,Equiano-Interesting-7-0071,Equiano-Interesting-7-0071,Sir Gilbert Elliot Bart.,"Sir Gilbert Elliot, Bart.",Sir,Gilbert,Elliot,Bart,,,,Interesting Narrative,7,1793,exact_last+exact_first,anchor_cross
cm_1103,,Equiano-Interesting-8-0074,Equiano-Interesting-8-0074,Sir Gilbert Elliot Bart.,"Sir Gilbert Elliot, Bart.",Sir,Gilbert,Elliot,Bart,,,,Interesting Narrative,8,1794,exact_last+exact_first,anchor_cross
cm_1103,,Equiano-Interesting-9-0074,Equiano-Interesting-9-0074,Sir Gilbert Elliot Bart.,"Sir Gilbert Elliot, Bart.",Sir,Gilbert,Elliot,Bart,,,,Interesting Narrative,9,1794,exact_last+exact_first,anchor_cross
cm_1103,,Sancho-Letters-1-0319,Sancho-Letters-1-0319,Sir Gilbert Elliot Bart.,"Sir Gilbert Elliot, Bart.",Sir,Gilbert,Elliot,Bart,,,,Letters,1,1782,exact_last+exact_first,candidate_cross
cm_1104,,Equiano-Interesting-5-0338,Equiano-Interesting-5-0338,Rev. Mr. Hall,Rev. Mr Hall,Rev. Mr.,,Hall,,,,,Interesting Narrative,5,1792,exact_last+missing_first,anchor_cross
cm_1104,,Equiano-Interesting-6-0610,Equiano-Interesting-6-0610,Rev. Mr. Hall,Rev. Mr. Hall,Rev. Mr.,,Hall,,,,,Interesting Narrative,6,1793,exact_last+missing_first,anchor_cross
cm_1104,,Equiano-Interesting-7-0626,Equiano-Interesting-7-0626,Rev. Mr. Hall,Rev. Mr. Hall,Rev. Mr.,,Hall,,,,,Interesting Narrative,7,1793,exact_last+missing_first,anchor_cross
cm_1104,,Equiano-Interesting-8-0830,Equiano-Interesting-8-0830,Rev. Mr. Hall,Rev. Mr. Hall,Rev. Mr.,,Hall,,,,,Interesting Narrative,8,1794,exact_last+missing_first,anchor_cross
cm_1104,,Equiano-Interesting-9-0834,Equiano-Interesting-9-0834,Rev. Mr. Hall,Rev. Mr. Hall,Rev. Mr.,,Hall,,,,,Interesting Narrative,9,1794,exact_last+missing_first,anchor_cross
cm_1104,,Sancho-Letters-1-0470,Sancho-Letters-1-0470,Rev. Joseph Hall,Rev. Joseph Hall,Rev.,Joseph,Hall,,,,,Letters,1,1782,exact_last+missing_first,candidate_cross
cm_1105,,Equiano-Interesting-1-0227,Equiano-Interesting-1-0227,J. Phillips Esq.,"J. Philips, Esq.",,J.,Phillips,Esq,,,,Interesting Narrative,1,1789,exact_last+initial_first+post,anchor_cross
cm_1105,,Equiano-Interesting-2-0288,Equiano-Interesting-2-0288,J. Phillips Esq.,"J. Phillips, Esq.",,J.,Phillips,Esq,,,,Interesting Narrative,2,1789,exact_last+initial_first+post,anchor_cross
cm_1105,,Equiano-Interesting-3-0298,Equiano-Interesting-3-0298,J. Phillips Esq.,"J. Phillips, Esq.",,J.,Phillips,Esq,,,,Interesting Narrative,3,1790,exact_last+initial_first+post,anchor_cross
cm_1105,,Sancho-Letters-1-0795,Sancho-Letters-1-0795,John Phillips Esq.,"John Phillips, Esq.",,John,Phillips,Esq,,,,Letters,1,1782,exact_last+initial_first+post,candidate_cross
cm_1106,,Equiano-Interesting-4-0325,Equiano-Interesting-4-0325,Rev. Mr. Robinson of Dewsbury,"The Rev. Mr. Robinson, of Dewsbery",Rev. Mr.,,Robinson,,,,Dewsbury,Interesting Narrative,4,1791,exact_last+missing_first+loc,anchor_cross
cm_1106,,Equiano-Interesting-5-0155,Equiano-Interesting-5-0155,Rev. Mr. Robinson of Dewsbury,Rev. MrRobinsonofDewsbury,Rev. Mr.,,Robinson,,,,Dewsbury,Interesting Narrative,5,1792,exact_last+missing_first+loc,anchor_cross
cm_1106,,Equiano-Interesting-6-0167,Equiano-Interesting-6-0167,Rev. Mr. Robinson of Dewsbury,Rev. Mr. Robinson of Dewsbery,Rev. Mr.,,Robinson,,,,Dewsbury,Interesting Narrative,6,1793,exact_last+missing_first+loc,anchor_cross
cm_1106,,Equiano-Interesting-7-0169,Equiano-Interesting-7-0169,Rev. Mr. Robinson of Dewsbury,Rev. Mr. Robinson of Dewsbery,Rev. Mr.,,Robinson,,,,Dewsbury,Interesting Narrative,7,1793,exact_last+missing_first+loc,anchor_cross
cm_1106,,Equiano-Interesting-8-0173,Equiano-Interesting-8-0173,Rev. Mr. Robinson of Dewsbury,"Rev. Mr. Robinson, of Dewsbery",Rev. Mr.,,Robinson,,,,Dewsbury,Interesting Narrative,8,1794,exact_last+missing_first+loc,anchor_cross
cm_1106,,Equiano-Interesting-9-0173,Equiano-Interesting-9-0173,Rev. Mr. Robinson of Dewsbury,"Rev. Mr. Robinson, of Dewsbery",Rev. Mr.,,Robinson,,,,Dewsbury,Interesting Narrative,9,1794,exact_last+missing_first+loc,anchor_cross
cm_1106,,Sancho-Letters-1-0850,Sancho-Letters-1-0850,Rev. James Robinson,Rev. James Robinson,Rev.,James,Robinson,,,,,Letters,1,1782,exact_last+missing_first+loc,candidate_cross
cm_1106,,Sancho-Letters-1-0862,Sancho-Letters-1-0862,Rev. Henry Robinson,Rev. Henry Robinson,Rev.,Henry,Robinson,,,,,Letters,1,1782,exact_last+missing_first+loc,candidate_cross
cm_1106,,Sancho-Letters-1-0868,Sancho-Letters-1-0868,Rev. Christopher Robinson,Rev. Christopher Robinson,Rev.,Christopher,Robinson,,,,,Letters,1,1782,exact_last+missing_first+loc,candidate_cross
cm_1107,,Equiano-Interesting-1-0247,Equiano-Interesting-1-0247,George Rose Esq. M. P.,"George Rose, Esq. M.P.",,George,Rose,,,,Esq. M.P,Interesting Narrative,1,1789,exact_last+exact_first,anchor_cross
cm_1107,,Equiano-Interesting-5-0154,Equiano-Interesting-5-0154,George Rose Esq. M. P.,"George Rose, Esq; M. P.",,George,Rose,Esq M. P,,,,Interesting Narrative,5,1792,exact_last+exact_first,anchor_cross
cm_1107,,Sancho-Letters-1-0864,Sancho-Letters-1-0864,George Rose Esq.,"George Rose, Esq.",,George,Rose,Esq,,,,Letters,1,1782,exact_last+exact_first,candidate_cross
cm_1108,,Equiano-Interesting-1-0267,Equiano-Interesting-1-0267,John Smith Esq.,"John Smith, Esq.",,John,Smith,Esq,,,,Interesting Narrative,1,1789,exact_last+exact_first+post,anchor_cross
cm_1108,,Equiano-Interesting-2-0335,Equiano-Interesting-2-0335,John Smith Esq.,"John Smith, Esq.",,John,Smith,Esq,,,,Interesting Narrative,2,1789,exact_last+exact_first+post,anchor_cross
cm_1108,,Equiano-Interesting-3-0346,Equiano-Interesting-3-0346,John Smith Esq.,"John Smith, Esq.",,John,Smith,Esq,,,,Interesting Narrative,3,1790,exact_last+exact_first+post,anchor_cross
cm_1108,,Equiano-Interesting-4-0336,Equiano-Interesting-4-0336,John Smith Esq.,"John Smith, Esq.",,John,Smith,Esq,,,,Interesting Narrative,4,1791,exact_last+exact_first+post,anchor_cross
cm_1108,,Equiano-Interesting-5-0169,Equiano-Interesting-5-0169,John Smith Esq.,"John Smith, Esq;",,John,Smith,Esq,,,,Interesting Narrative,5,1792,exact_last+exact_first+post,anchor_cross
cm_1108,,Equiano-Interesting-6-0183,Equiano-Interesting-6-0183,John Smith Esq.,"John Smith, Esq.",,John,Smith,Esq,,,,Interesting Narrative,6,1793,exact_last+exact_first+post,anchor_cross
cm_1108,,Equiano-Interesting-7-0187,Equiano-Interesting-7-0187,John Smith Esq.,"John Smith, Esq.",,John,Smith,Esq,,,,Interesting Narrative,7,1793,exact_last+exact_first+post,anchor_cross
cm_1108,,Equiano-Interesting-8-0190,Equiano-Interesting-8-0190,John Smith Esq.,"John Smith, Esq.",,John,Smith,Esq,,,,Interesting Narrative,8,1794,exact_last+exact_first+post,anchor_cross
cm_1108,,Equiano-Interesting-9-0190,Equiano-Interesting-9-0190,John Smith Esq.,"John Smith, Esq.",,John,Smith,Esq,,,,Interesting Narrative,9,1794,exact_last+exact_first+post,anchor_cross
cm_1108,,Sancho-Letters-1-0929,Sancho-Letters-1-0929,John Smith Esq.,"John Smith, Esq.",,John,Smith,Esq,,,,Letters,1,1782,exact_last+exact_first+post,candidate_cross
cm_1109,,Equiano-Interesting-1-0279,Equiano-Interesting-1-0279,Rev. John Till,Reverend John Till,Rev.,John,Till,,,,,Interesting Narrative,1,1789,exact_last+exact_first,anchor_cross
cm_1109,,Equiano-Interesting-2-0354,Equiano-Interesting-2-0354,Rev. Mr. John Till,The Reverend Mr. John Till,Rev. Mr.,John,Till,,,,,Interesting Narrative,2,1789,exact_last+exact_first,anchor_cross
cm_1109,,Equiano-Interesting-3-0367,Equiano-Interesting-3-0367,Rev. Mr. John Till,The Reverend Mr. John Till,Rev. Mr.,John,Till,,,,,Interesting Narrative,3,1790,exact_last+exact_first,anchor_cross
cm_1109,,Equiano-Interesting-4-0343,Equiano-Interesting-4-0343,Rev. Mr. John Till,The Reverend Mr. John Till,Rev. Mr.,John,Till,,,,,Interesting Narrative,4,1791,exact_last+exact_first,anchor_cross
cm_1109,,Equiano-Interesting-5-0176,Equiano-Interesting-5-0176,Rev. Mr. John Till,Rev. Mr John Till,Rev. Mr.,John,Till,,,,,Interesting Narrative,5,1792,exact_last+exact_first,anchor_cross
cm_1109,,Equiano-Interesting-6-0188,Equiano-Interesting-6-0188,Rev. Mr. John Till,Rev. Mr. John Till,Rev. Mr.,John,Till,,,,,Interesting Narrative,6,1793,exact_last+exact_first,anchor_cross
cm_1109,,Equiano-Interesting-7-0192,Equiano-Interesting-7-0192,Rev. Mr. John Till,Rev. Mr. John Till,Rev. Mr.,John,Till,,,,,Interesting Narrative,7,1793,exact_last+exact_first,anchor_cross
cm_1109,,Equiano-Interesting-8-0197,Equiano-Interesting-8-0197,Rev. Mr. John Till,Rev. Mr. John Till,Rev. Mr.,John,Till,,,,,Interesting Narrative,8,1794,exact_last+exact_first,anchor_cross
cm_1109,,Equiano-Interesting-9-0197,Equiano-Interesting-9-0197,Rev. Mr. John Till,Rev. Mr. John Till,Rev. Mr.,John,Till,,,,,Interesting Narrative,9,1794,exact_last+exact_first,anchor_cross
cm_1109,,Sancho-Letters-1-1028,Sancho-Letters-1-1028,Rev. Mr. Till,Rev. Mr. Till,Rev. Mr.,,Till,,,,,Letters,1,1782,exact_last+exact_first,candidate_cross
cm_1110,,Equiano-Interesting-4-0354,Equiano-Interesting-4-0354,Thomas Walker Esq. Manchester,"Thomwas Walker, Esq; Manchester, 6 copies",,Thomas,Walker,Esq,,,Manchester,Interesting Narrative,4,1791,exact_last+exact_first+loc+post,anchor_cross
cm_1110,,Equiano-Interesting-5-0184,Equiano-Interesting-5-0184,Thomas Walker Esq. Manchester,"Thomas Walker, Esq; Manchester",,Thomas,Walker,Esq,,,Manchester,Interesting Narrative,5,1792,exact_last+exact_first+loc+post,anchor_cross
cm_1110,,Equiano-Interesting-7-0204,Equiano-Interesting-7-0204,Thomas Walker Esq. of Manchester,"Thomas Walker, Esq. of Manchester",,Thomas,Walker,,,,Manchester,Interesting Narrative,7,1793,exact_last+exact_first+loc+post,anchor_cross
cm_1110,,Equiano-Interesting-8-0210,Equiano-Interesting-8-0210,Thomas Walker Esq. of Manchester,"Thomas Walker, Esq. of Manchester",,Thomas,Walker,,,,Manchester,Interesting Narrative,8,1794,exact_last+exact_first+loc+post,anchor_cross
cm_1110,,Equiano-Interesting-9-0210,Equiano-Interesting-9-0210,Thomas Walker Esq. of Manchester,"Thomas Walker, Esq. of Manchester",,Thomas,Walker,,,,Manchester,Interesting Narrative,9,1794,exact_last+exact_first+loc+post,anchor_cross
cm_1110,,Sancho-Letters-1-1080,Sancho-Letters-1-1080,T. Walker Esq.,"T. Walker, Esq.",,T.,Walker,Esq,,,,Letters,1,1782,exact_last+exact_first+loc+post,candidate_cross
cm_1111,,Equiano-Interesting-4-0208,Equiano-Interesting-4-0208,---- Buxton Esq. of Leicester,"---- Buxton, Esq. of Leicester, 6 copies",,----,Buxton,,,,Leicester,Interesting Narrative,4,1791,exact_last+exact_first+loc,anchor_cross
cm_1111,,Equiano-Interesting-5-0044,Equiano-Interesting-5-0044,---- Buxton Esq. of Leicester,"---- Buxton, Esq; of Leicester",,----,Buxton,Esq,,,Leicester,Interesting Narrative,5,1792,exact_last+exact_first+loc,anchor_cross
cm_1111,,Equiano-Interesting-6-0045,Equiano-Interesting-6-0045,---- Buxton Esq. of Leicester,"---- Buxton, Esq. of Leicester",,----,Buxton,,,,Leicester,Interesting Narrative,6,1793,exact_last+exact_first+loc,anchor_cross
cm_1111,,Equiano-Interesting-7-0044,Equiano-Interesting-7-0044,---- Buxton Esq. of Leicester,"----Buxton, Esq. of Leicester",,----,Buxton,,,,Leicester,Interesting Narrative,7,1793,exact_last+exact_first+loc,anchor_cross
cm_1111,,Equiano-Interesting-8-0045,Equiano-Interesting-8-0045,---- Buxton Esq. of Leicester,"----Buxton, Esq. of Leicester",,----,Buxton,,,,Leicester,Interesting Narrative,8,1794,exact_last+exact_first+loc,anchor_cross
cm_1111,,Equiano-Interesting-9-0045,Equiano-Interesting-9-0045,---- Buxton Esq. of Leicester,"----Buxton, Esq. of Leicester",,----,Buxton,,,,Leicester,Interesting Narrative,9,1794,exact_last+exact_first+loc,anchor_cross
cm_1111,,Sancho-Letters-1-0597,Sancho-Letters-1-0597,---- Luton Esq.,"---- Luton, Esq.",,----,Luton,Esq,,,,Letters,1,1782,exact_last+exact_first+loc,candidate_cross
cm_1112,,Sancho-Letters-1-0804,Sancho-Letters-1-0804,Rev. S. Parker B. A.,"Rev. S. Parker, B. A.",Rev.,S.,Parker,B. A,,,,Letters,1,1782,fuzzy_last_1+missing_first,candidate_cross
cm_1112,,Equiano-Interesting-6-0227,Equiano-Interesting-6-0227,Rev. Mr. Barker,The Rev. Mr. Barker,Rev. Mr.,,Barker,,,,,Interesting Narrative,6,1793,fuzzy_last_1+missing_first,anchor_cross
cm_1113,,Equiano-Interesting-1-0082,Equiano-Interesting-1-0082,John Delamain Esq.,"John Delamain, Esq.",,John,Delamain,Esq,,,,Interesting Narrative,1,1789,exact_last+exact_first+post,anchor_cross
cm_1113,,Equiano-Interesting-2-0102,Equiano-Interesting-2-0102,John Delamain Esq.,"John Delamain, Esq.",,John,Delamain,Esq,,,,Interesting Narrative,2,1789,exact_last+exact_first+post,anchor_cross
cm_1113,,Equiano-Interesting-3-0107,Equiano-Interesting-3-0107,John Delamain Esq.,"John Delamain, Esq.",,John,Delamain,Esq,,,,Interesting Narrative,3,1790,exact_last+exact_first+post,anchor_cross
cm_1113,,Equiano-Interesting-4-0226,Equiano-Interesting-4-0226,John Delamain Esq.,"John Delamain, Esq.",,John,Delamain,Esq,,,,Interesting Narrative,4,1791,exact_last+exact_first+post,anchor_cross
cm_1113,,Equiano-Interesting-5-0063,Equiano-Interesting-5-0063,John Delamain Esq.,"John Delemain, Esq;",,John,Delamain,Esq,,,,Interesting Narrative,5,1792,exact_last+exact_first+post,anchor_cross
cm_1113,,Equiano-Interesting-6-0064,Equiano-Interesting-6-0064,John Delamain Esq.,"John Delemain, Esq.",,John,Delamain,Esq,,,,Interesting Narrative,6,1793,exact_last+exact_first+post,anchor_cross
cm_1113,,Equiano-Interesting-7-0065,Equiano-Interesting-7-0065,John Delamain Esq.,"John Delemain, Esq.",,John,Delamain,Esq,,,,Interesting Narrative,7,1793,exact_last+exact_first+post,anchor_cross
cm_1113,,Equiano-Interesting-8-0066,Equiano-Interesting-8-0066,John Delamain Esq.,"John Delemain, Esq.",,John,Delamain,Esq,,,,Interesting Narrative,8,1794,exact_last+exact_first+post,anchor_cross
cm_1113,,Equiano-Interesting-9-0066,Equiano-Interesting-9-0066,John Delamain Esq.,"John Delemain, Esq.",,John,Delamain,Esq,,,,Interesting Narrative,9,1794,exact_last+exact_first+post,anchor_cross
cm_1113,,Sancho-Letters-1-0790,Sancho-Letters-1-0790,John Plampin Esq.,"John Plampin, Esq.",,John,Plampin,Esq,,,,Letters,1,1782,exact_last+exact_first+post,candidate_cross
cm_1114,,Equiano-Interesting-1-0276,Equiano-Interesting-1-0276,John Symmons Esq.,"John Symmons, Esq.",,John,Symmons,Esq,,,,Interesting Narrative,1,1789,exact_last+exact_first+post,anchor_cross
cm_1114,,Equiano-Interesting-2-0348,Equiano-Interesting-2-0348,John Symmons Esq.,"John Symmons, Esq.",,John,Symmons,Esq,,,,Interesting Narrative,2,1789,exact_last+exact_first+post,anchor_cross
cm_1114,,Equiano-Interesting-3-0360,Equiano-Interesting-3-0360,John Symmons Esq.,"John Symmons, Esq.",,John,Symmons,Esq,,,,Interesting Narrative,3,1790,exact_last+exact_first+post,anchor_cross
cm_1114,,Sancho-Letters-1-0923,Sancho-Letters-1-0923,John Symonds Esq.,"John Symonds, Esq.",,John,Symonds,Esq,,,,Letters,1,1782,exact_last+exact_first+post,candidate_cross
cm_1115,,Equiano-Interesting-Am-0053,Equiano-Interesting-Am-0053,John Hamilton,"John Hamilton, do.",,John,Hamilton,,,,ditto,Interesting Narrative,Am,1791,fuzzy_last_3+exact_first,candidate_cross
cm_1115,,Sancho-Letters-1-0195,Sancho-Letters-1-0195,John Charlton Esq.,"John Charlton, Esq.",,John,Charlton,Esq,,,,Letters,1,1782,fuzzy_last_3+exact_first,candidate_cross
cm_1116,,Equiano-Interesting-3-0395,Equiano-Interesting-3-0395,Rev. James Wilkinson Sheffield,"Reverend James Wilkinson, Sheffield, 3 copies",Rev.,James,Wilkinson,,,,Sheffield,Interesting Narrative,3,1790,exact_last+exact_first+loc,anchor_cross
cm_1116,,Equiano-Interesting-4-0366,Equiano-Interesting-4-0366,Rev. James Wilkinson Sheffield,"Reverend James Wilkinson, Sheffield, 3 copies",Rev.,James,Wilkinson,,,,Sheffield,Interesting Narrative,4,1791,exact_last+exact_first+loc,anchor_cross
cm_1116,,Equiano-Interesting-5-0196,Equiano-Interesting-5-0196,Rev. James Wilkinson Sheffield,"Rev. James Wilkinson, Sheffield",Rev.,James,Wilkinson,,,,Sheffield,Interesting Narrative,5,1792,exact_last+exact_first+loc,anchor_cross
cm_1116,,Equiano-Interesting-6-0210,Equiano-Interesting-6-0210,Rev. James Wilkinson Sheffield,"Rev. James Wilkinson, Sheffield",Rev.,James,Wilkinson,,,,Sheffield,Interesting Narrative,6,1793,exact_last+exact_first+loc,anchor_cross
cm_1116,,Equiano-Interesting-7-0215,Equiano-Interesting-7-0215,Rev. James Wilkinson of Sheffield,"Rev. James Winkinson, of Sheffield",Rev.,James,Wilkinson,,,,Sheffield,Interesting Narrative,7,1793,exact_last+exact_first+loc,anchor_cross
cm_1116,,Equiano-Interesting-8-0221,Equiano-Interesting-8-0221,Rev. James Wilkinson of Sheffield,"Rev. James Wilkinson, of Sheffield",Rev.,James,Wilkinson,,,,Sheffield,Interesting Narrative,8,1794,exact_last+exact_first+loc,anchor_cross
cm_1116,,Equiano-Interesting-9-0221,Equiano-Interesting-9-0221,Rev. James Wilkinson of Sheffield,"Rev. James Wilkinson, of Sheffield",Rev.,James,Wilkinson,,,,Sheffield,Interesting Narrative,9,1794,exact_last+exact_first+loc,anchor_cross
cm_1116,,Sancho-Letters-1-0303,Sancho-Letters-1-0303,Rev. Mr. Dickinson,Rev. Mr. Dickinson,Rev. Mr.,,Dickinson,,,,,Letters,1,1782,exact_last+exact_first+loc,candidate_cross
cm_1117,,Equiano-Interesting-5-0392,Equiano-Interesting-5-0392,John Pattison Esq. of Glasgow,"John Pattison, Esq; of Glasgow",,John,Pattison,Esq,,,Glasgow,Interesting Narrative,5,1792,exact_last+exact_first+loc,anchor_cross
cm_1117,,Equiano-Interesting-6-0665,Equiano-Interesting-6-0665,John Pattison Esq. of Glasgow,"John Pattison, Esq. of Glasgow",,John,Pattison,,,,Glasgow,Interesting Narrative,6,1793,exact_last+exact_first+loc,anchor_cross
cm_1117,,Equiano-Interesting-7-0680,Equiano-Interesting-7-0680,John Pattison Esq. of Glasgow,"John Pattison, Esq. of Glasgow",,John,Pattison,,,,Glasgow,Interesting Narrative,7,1793,exact_last+exact_first+loc,anchor_cross
cm_1117,,Equiano-Interesting-9-0862,Equiano-Interesting-9-0862,John Pattison Esq. of Glasgow,"John Pattison, esq. of Glasgow",,John,Pattison,,,,Glasgow,Interesting Narrative,9,1794,exact_last+exact_first+loc,anchor_cross
cm_1117,,Equiano-Interesting-Am-0052,Equiano-Interesting-Am-0052,John Harrison printer N. Y.,"John Harrison, printer, N. Y.",,John,Harrison,N. Y,printer,,,Interesting Narrative,Am,1791,exact_last+exact_first+loc,anchor_cross
cm_1117,,Sancho-Letters-1-0651,Sancho-Letters-1-0651,John Maddison Esq.,"John Maddison, Esq.",,John,Maddison,Esq,,,,Letters,1,1782,exact_last+exact_first+loc,candidate_cross
cm_1118,,Equiano-Interesting-6-0357,Equiano-Interesting-6-0357,John Melling Esq.,"John Melling, Esq.",,John,Melling,Esq,,,,Interesting Narrative,6,1793,exact_last+exact_first+post,anchor_cross
cm_1118,,Equiano-Interesting-7-0327,Equiano-Interesting-7-0327,John Melling Esq.,"John Melling, Esq.",,John,Melling,Esq,,,,Interesting Narrative,7,1793,exact_last+exact_first+post,anchor_cross
cm_1118,,Equiano-Interesting-8-0332,Equiano-Interesting-8-0332,John Melling Esq.,"John Melling, Esq.",,John,Melling,Esq,,,,Interesting Narrative,8,1794,exact_last+exact_first+post,anchor_cross
cm_1118,,Equiano-Interesting-9-0333,Equiano-Interesting-9-0333,John Melling Esq.,"John Melling, Esq.",,John,Melling,Esq,,,,Interesting Narrative,9,1794,exact_last+exact_first+post,anchor_cross
cm_1118,,Sancho-Letters-1-0730,Sancho-Letters-1-0730,John Newling Esq.,"John Newling, Esq.",,John,Newling,Esq,,,,Letters,1,1782,exact_last+exact_first+post,candidate_cross
